16-0.pngresized.png,401.928,136.79997,-184.16135,391.74094,133.42786,-167.75124,392.80554,133.91489,-167.72588,394.1013,134.48135,-167.71666,386.54315,135.05682,-184.13423,383.3939,136.68246,-184.21198,380.30057,138.37671,-184.28226,390.7856,146.11694,-111.05177,371.02927,151.62411,-174.1627,407.0442,149.46703,-163.59732,399.90903,151.8037,-181.874,413.33087,220.44762,-47.00141,349.31485,208.50095,-196.75946,418.38092,284.4215,-17.36384,313.16882,287.54446,-206.47346,444.3136,336.69055,-37.321133,359.12845,354.7855,-226.9017,460.52777,339.96014,-36.941547,373.13687,371.69913,-253.15692,463.1826,344.12106,-68.446625,386.60904,364.15442,-238.96924,453.76685,345.7331,-51.22232,383.55292,360.0592,-221.69968,318.13126,331.0666,34.83536,285.06424,320.41028,-34.830524,241.05203,324.8842,188.48946,181.14061,315.8439,87.628,183.80064,291.95682,318.63174,98.8578,277.1298,224.55035,184.19157,274.43475,331.52924,91.5554,265.5776,239.52434,129.18053,293.00656,282.77008,61.245323,267.9636,186.52536
17-0.pngresized.png,132.37494,42.33406,-126.60076,134.91727,36.7155,-106.91649,137.46634,37.352386,-107.00848,140.06046,37.92955,-107.07136,127.17527,35.619415,-112.24771,123.9526,35.332703,-112.16158,120.77083,35.142868,-112.24988,140.38731,45.265305,-38.826775,114.34645,41.47232,-59.141876,136.3026,53.60785,-105.098206,125.40407,51.974594,-110.91859,160.72646,101.27383,-22.881622,84.75755,98.67127,-62.975346,171.845,161.93256,-9.897109,72.93795,163.1181,-72.70581,182.7363,220.1682,-33.897083,72.57329,218.81412,-72.06857,189.25665,229.2406,-36.04263,67.18173,226.20271,-74.90546,183.52696,234.08232,-53.554108,73.05269,231.07025,-85.089455,177.7417,231.56285,-40.6859,79.99614,228.67952,-76.22528,143.82027,195.13368,4.563041,105.03646,194.8579,-4.1896396,140.27539,163.64055,115.785736,88.73071,153.92566,7.6868258,136.60646,121.95969,144.035,93.33313,122.003,-5.997703,136.92166,117.650734,146.1599,96.095566,118.5968,-8.793584,136.06873,103.268394,141.22256,86.32674,105.37323,-22.84715
18-0.pngresized.png,357.47775,127.104355,-267.72537,357.60294,112.83024,-253.21439,361.0654,112.5692,-253.12798,364.68066,112.47304,-253.09962,345.29712,112.97214,-265.29214,339.2896,112.39966,-265.3037,333.3452,111.94174,-265.3764,357.75665,115.742836,-168.24167,316.54605,115.15859,-214.1361,358.72726,140.33942,-233.46776,342.72174,139.25394,-246.14546,335.1275,153.76476,-83.58364,273.8392,165.86816,-189.97104,316.45682,195.47351,22.288742,204.63278,209.95216,-177.54726,317.36145,244.47896,59.40751,234.36266,268.62515,-155.87004,322.05234,253.4131,55.231457,238.87764,285.19418,-170.88358,319.69147,254.11317,40.37832,251.38551,277.463,-172.5377,312.52847,254.05757,53.905,249.55334,272.44672,-157.02824,197.66953,222.51994,39.93604,178.6336,226.09167,-39.6066,121.05258,217.92374,190.66324,97.940994,225.18504,90.07349,66.11199,208.2735,335.66537,29.047617,215.23157,225.31967,54.467278,201.8865,351.52893,16.364351,210.51903,241.04863,59.629436,222.14577,358.88632,19.022734,233.11626,237.21153
19-0.pngresized.png,49.97628,123.481544,-109.07129,59.110832,118.51624,-124.681145,61.055138,118.94287,-124.6803,63.045166,119.1958,-124.736496,58.385715,118.95043,-96.63424,59.235256,120.11722,-96.732666,60.056988,121.33237,-96.73105,76.14816,127.65083,-166.50327,71.23244,130.23459,-38.07533,54.961166,133.5821,-122.79544,53.1503,134.85876,-86.2262,89.75644,182.29475,-202.88075,86.4205,175.08441,31.563227,90.19729,253.32848,-217.00325,76.403015,236.31876,40.321445,52.05735,304.0119,-225.2816,47.595013,279.84128,18.834791,36.821453,308.58044,-262.0119,34.20644,276.28622,23.472933,32.734497,300.56058,-240.25558,31.374304,278.90173,-2.2901347,37.17042,299.71896,-219.62729,37.122757,282.6409,6.806498,147.73135,271.50717,-72.45534,146.22926,258.86752,72.48015,244.00862,284.2997,-23.275436,220.64014,266.17697,152.84464,328.46487,277.07263,45.89295,292.22784,259.05588,289.10672,339.8523,265.79816,54.457645,304.2011,249.7338,304.06494,356.23926,290.81653,-12.4460335,317.96744,274.0677,262.12497
21-0.pngresized.png,33.698067,149.08182,-109.52121,43.677258,139.51297,-125.47368,46.03877,139.55077,-125.54967,48.45446,139.38222,-125.6333,43.149837,141.1396,-95.28271,44.266434,142.825,-95.38759,45.314842,144.53857,-95.43954,66.30605,148.72862,-170.8644,61.216385,154.80257,-32.52477,42.87996,161.68968,-124.43867,40.39779,164.59259,-85.02241,99.34278,222.68881,-199.05246,99.10896,220.05367,43.106358,140.46025,324.67532,-196.33557,121.52039,308.01224,66.01208,81.26796,397.46896,-179.6547,91.9095,366.69968,58.70633,58.954468,412.9437,-215.91573,75.90179,369.69427,67.34236,48.912853,400.29425,-191.0009,71.485275,369.2736,42.94667,57.167377,395.24298,-171.26355,79.29125,370.69077,47.332355,198.00496,350.5818,-74.47897,198.7169,339.39465,74.59745,330.96878,367.05557,-20.945696,327.97354,363.91293,117.05149,456.6388,364.74707,56.87512,440.02753,356.46698,232.33133,475.7572,354.61813,64.67522,459.80145,344.9649,245.28712,489.61172,376.1941,-15.092895,472.44357,369.9792,179.09163
22-0.pngresized.png,23.661541,280.24402,-51.396034,29.401257,270.21863,-64.72341,31.651308,269.68655,-64.79038,33.808975,269.08298,-64.826866,28.50217,270.74707,-35.439384,29.577606,271.1558,-35.56165,30.707045,271.59164,-35.616337,49.660416,272.03845,-97.97919,45.312645,275.43494,35.104607,33.61929,289.91876,-60.28739,31.50183,291.43832,-22.37161,90.81074,316.65704,-162.50288,94.81284,303.68326,122.39225,161.15718,351.87793,-129.80435,160.74571,342.13016,162.2529,103.96011,399.28305,-107.68619,108.240974,377.72592,142.41626,87.762115,405.54272,-124.49453,94.10178,375.0574,138.82912,78.26448,395.5042,-111.2108,85.44895,377.75897,116.8563,82.046844,392.60968,-103.74138,90.15758,379.22418,129.04723,225.80013,374.0464,-90.995476,227.4409,360.99466,91.464096,322.23257,378.86246,-76.16762,311.5217,374.37903,145.70015,384.26877,397.12943,40.897076,382.05035,384.79596,244.72939,392.56982,393.97864,55.23025,391.53732,380.06238,252.98724,397.74646,417.89612,46.140343,404.5843,404.85898,230.6612
23-0.pngresized.png,19.140581,184.01877,-129.53398,28.95624,171.80576,-148.14366,31.68405,171.8871,-148.19688,34.42985,171.7428,-148.2828,28.127281,172.07118,-115.74001,29.424372,172.98627,-115.84847,30.659025,173.95914,-115.88348,56.45974,177.35059,-195.76712,49.061108,180.34062,-49.21583,31.52372,196.36064,-145.23926,28.709946,198.033,-103.35474,111.55224,255.26439,-233.83864,90.155975,239.96667,29.180223,156.80714,365.16364,-220.98445,117.41112,331.87518,56.68472,86.41667,419.4848,-205.46912,75.80658,377.8833,23.257624,56.299393,428.6808,-248.84929,52.49446,375.55817,20.418737,44.885635,410.0943,-223.90047,46.016068,374.7624,-8.334763,54.349865,406.43118,-199.51474,58.048805,378.59152,8.503061,216.23312,385.50085,-90.14703,202.87964,364.241,90.4012,364.13364,408.92957,-43.384586,331.90118,378.37717,156.76146,504.90207,402.43256,27.009712,456.0483,360.599,288.74802,523.6341,384.09177,38.223183,476.775,343.87625,306.701,543.60834,428.706,-32.872997,492.43478,382.87338,256.55466
28-0.pngresized.png,175.02454,194.48286,-141.70715,191.42984,191.31862,-165.23256,194.16168,193.18048,-165.16591,197.00928,194.94576,-165.19891,189.27965,190.75417,-129.75264,189.58267,192.14229,-129.92897,189.79768,193.53508,-130.06488,210.32013,213.97287,-217.90332,199.50824,211.29193,-55.055824,175.681,212.52618,-157.21962,171.68375,212.13268,-111.021324,189.09825,302.55124,-269.6521,201.50073,287.30762,28.295559,153.52982,423.5674,-280.9081,165.19838,392.1301,55.54279,84.60694,512.85175,-290.1178,122.70051,484.06952,55.167217,77.27345,534.803,-348.4465,112.309944,495.43695,53.087463,65.22454,527.1506,-337.77142,116.83784,499.3496,28.852547,68.988144,519.63696,-290.50995,121.807976,497.48755,42.51939,209.35269,484.02194,-92.87956,220.55243,465.0265,93.20613,323.29956,533.92377,12.933295,288.31705,515.16254,258.25134,411.016,526.33234,231.20314,351.71274,529.96063,437.8166,424.31866,520.61957,252.16954,367.2013,530.66,455.49542,426.29868,529.70483,207.8363,347.26215,538.0555,407.5354
29-1.pngresized.png,19.341534,252.46638,-129.03569,37.096107,238.5188,-156.16058,41.484215,238.6039,-156.20702,45.872623,238.37173,-156.30319,34.44743,240.23355,-101.64543,35.902348,242.25667,-101.890205,37.307133,244.34424,-101.869446,75.56495,250.6331,-230.76027,61.802734,258.17285,18.54712,33.132187,271.39163,-155.36232,27.96376,274.6238,-84.21152,122.288185,350.38348,-322.6637,104.972694,353.02994,145.7685,176.87062,484.4847,-379.21283,140.99922,469.92673,175.5708,101.677666,580.17303,-411.71475,99.26168,541.7066,131.75363,76.26521,594.9437,-479.07626,78.239204,544.24854,134.9274,61.43924,580.0318,-442.34818,71.713974,542.6574,93.627975,69.99072,575.9417,-403.37195,82.533295,544.13745,111.519516,263.09076,534.4447,-146.89114,255.98674,516.33575,147.44688,414.651,593.9544,-154.13902,427.47696,560.6214,200.52951,614.28424,565.1476,-31.35532,591.1413,545.27167,393.67645,641.1906,536.33044,-12.494077,617.8001,523.9517,416.9455,678.4334,604.5203,-93.55082,643.1358,580.2961,336.4696
30-0.pngresized.png,130.9281,94.19165,-237.70155,142.86282,96.743706,-246.81293,144.46902,99.630196,-246.90431,146.20427,102.54249,-247.0749,140.70328,91.16221,-223.8573,140.44127,89.91122,-223.9379,140.1294,88.64342,-223.77394,151.20354,115.204956,-253.8932,143.14885,97.12046,-153.64133,129.01863,107.18817,-238.88481,125.49586,99.99226,-209.93556,128.40878,179.85652,-260.59174,115.84312,128.93251,-83.36391,115.82091,290.63745,-303.15723,95.321266,215.73392,-51.83262,96.35383,395.5592,-305.34146,77.669205,268.4577,-53.52251,101.71524,422.6066,-325.79996,76.569046,279.96375,-49.236496,90.69507,421.98132,-337.3919,75.57599,279.1174,-69.36183,86.24273,410.77652,-311.22543,76.833046,277.9504,-61.22361,56.432507,268.5059,-47.92639,49.98186,245.68758,48.340847,64.123436,346.02924,69.80071,42.93134,326.18372,144.39331,46.26969,390.83844,251.12538,49.402687,389.59302,292.03958,45.63837,393.19223,268.3544,54.414722,399.63837,307.95438,26.723734,416.89325,220.3857,27.301575,403.35538,267.04214
32-0.pngresized.png,397.5178,164.28484,-252.01024,391.94446,149.69945,-230.95956,395.804,148.53972,-231.03625,399.9233,147.44687,-231.20758,377.202,153.74916,-244.65805,370.1507,155.54468,-244.7821,363.2088,157.41922,-244.8429,394.21692,157.92754,-150.3801,344.10022,170.38135,-207.84183,403.9179,182.30832,-222.9431,384.85812,186.88353,-238.89886,407.9135,249.31998,-87.00238,287.47617,239.52858,-230.42734,412.98694,341.90085,-7.9351625,233.2896,340.52765,-236.79189,453.87775,403.12448,-41.833508,310.0075,401.92514,-262.99878,473.96417,410.05222,-42.800117,325.6377,421.4399,-296.9909,476.04877,410.51953,-70.38775,345.52237,404.21622,-299.63092,462.36423,411.31717,-54.590645,343.074,400.58307,-266.38937,291.59982,388.73914,46.82046,224.74773,378.75964,-46.2976,326.23212,396.09448,259.9561,212.69884,391.99994,129.84206,302.81305,393.589,418.87366,241.77742,386.11597,347.64188,298.39218,387.135,436.41223,245.64146,373.92755,372.86243,308.57742,396.78177,429.04486,271.5933,405.9551,395.20575
33-0.pngresized.png,457.66714,166.92654,-79.15343,449.77322,162.87534,-63.251034,449.29895,164.56563,-63.27151,448.90137,166.30878,-63.220203,447.9373,162.018,-87.56565,445.54785,162.67911,-87.66041,443.17148,163.35187,-87.667625,439.07986,178.49115,-4.176993,430.44626,174.0049,-107.79525,455.59274,180.8467,-58.105083,452.28864,179.3471,-87.98303,413.49356,234.5661,61.46863,409.78622,238.02394,-152.85696,406.69482,295.29462,81.44642,404.55368,319.02478,-157.21432,447.68698,336.09314,53.43932,462.0782,367.76712,-182.9959,466.47144,330.25052,46.80995,485.68707,371.05695,-223.06767,475.40457,332.4188,18.810621,490.24533,360.20285,-204.09178,467.1368,337.48648,38.969288,482.25092,360.07104,-178.4644,314.52515,323.39902,67.15021,312.73303,333.32864,-67.12143,200.21303,334.67426,86.72719,199.00513,354.78802,-89.41584,100.307434,333.56888,156.16591,81.638245,357.79614,-50.711327,87.72703,319.8606,164.41844,69.75034,344.26865,-44.715946,57.662556,350.39905,123.73345,30.416662,369.7697,-94.82987
34-0.pngresized.png,122.165016,141.77545,-70.758286,135.90234,140.93764,-84.39586,137.71013,142.78291,-84.367386,139.63574,144.38014,-84.38507,135.30042,140.0267,-52.967716,136.32982,141.38885,-53.142475,137.27826,142.80527,-53.181553,150.08455,158.99991,-133.86575,145.62286,156.50282,8.648503,121.64541,156.10782,-88.23123,120.91587,155.2574,-47.846363,140.5125,224.43852,-186.02863,144.54189,216.27896,69.14668,107.76378,311.99142,-194.20789,115.806335,291.83548,69.116844,62.89928,381.7742,-222.12694,78.974976,356.14594,62.449154,44.425873,388.56436,-269.14725,60.087513,352.43073,68.0996,40.873997,381.23642,-248.63576,61.5874,356.2268,37.674606,46.053253,380.25977,-218.28146,68.39701,361.0388,48.11396,208.30602,348.23666,-81.186066,212.39894,331.58273,81.127045,331.2343,370.02463,-64.08838,338.155,351.08963,105.07406,449.17444,363.10767,-10.407767,443.7857,338.8035,204.46237,465.179,346.7129,-3.2317095,461.9547,323.13226,215.67728,493.5637,368.12564,-86.9273,483.5727,351.67255,141.11621
35-0.pngresized.png,346.1667,131.16942,-209.21236,352.49252,121.514786,-195.68471,356.69824,122.053764,-195.61913,361.00662,122.57333,-195.59012,342.0884,119.772255,-201.30804,337.8701,118.77255,-201.48495,333.67572,117.81714,-201.69705,366.17764,127.71369,-119.099335,330.0884,121.28231,-142.08105,353.28976,141.96486,-179.21712,338.46756,139.51044,-186.13301,352.8785,175.62796,0.53904086,321.96857,167.57857,-194.33824,344.1273,250.31035,45.436874,320.13403,251.02174,-209.4921,359.17627,295.31433,37.305492,364.8409,309.9478,-213.25677,367.2434,302.10016,42.557777,374.08398,326.49442,-239.72313,371.05695,302.50778,19.388803,384.82816,319.65677,-230.80899,365.99554,301.58478,26.463049,379.20853,315.58514,-208.80835,279.01123,284.0968,56.497963,268.29172,278.9913,-56.466602,198.6936,296.39145,149.05707,172.63374,326.3766,-40.461926,116.6849,285.72354,191.57642,89.29834,292.3049,29.371834,103.9632,282.6067,195.0384,77.188965,285.58887,36.878002,101.82325,297.22638,170.58878,63.16028,298.29007,8.341769
37-0.pngresized.png,412.06082,150.37798,-43.184143,401.09445,153.2221,-30.308222,400.35507,155.77213,-30.423435,399.70612,158.35832,-30.470724,403.75754,152.04846,-58.369785,404.06128,153.42067,-58.602,404.3694,154.83182,-58.68349,404.69083,172.31238,9.944251,409.1532,167.44716,-108.689804,421.87238,159.17375,-28.738985,424.58734,158.41382,-63.351974,436.2376,232.57661,81.29161,449.19742,216.81364,-182.66304,457.9646,326.5947,77.25078,487.65012,313.24365,-184.11238,499.1575,389.1857,93.8602,546.19324,384.1853,-190.84021,515.9871,385.0224,102.112785,569.6875,388.5237,-224.18082,523.6257,388.8225,76.06698,572.85504,383.0036,-194.98781,516.70386,392.18195,81.809845,566.89557,383.2967,-181.11813,387.20734,355.75018,82.1919,400.88147,360.6624,-82.31424,249.54506,388.13882,101.38034,257.27014,405.54343,-125.0496,124.54191,383.15903,182.47609,122.645706,389.63306,-101.01765,103.65564,367.48776,193.89453,101.342995,367.6255,-94.00398,67.8043,406.14594,131.64339,52.02092,402.7761,-154.43935
38-0.pngresized.png,26.964243,215.84904,-243.40509,44.926907,202.46965,-262.3279,49.86546,203.00375,-262.41238,54.72257,203.38301,-262.43085,39.705837,202.86996,-224.86702,39.66415,204.24306,-224.90808,39.564453,205.65344,-224.92291,82.32369,214.60983,-294.03632,61.246162,217.03789,-124.72752,41.931953,233.69612,-252.9215,33.334175,236.05904,-204.39189,135.76727,326.39297,-305.97324,108.19041,282.72446,-56.39411,224.18932,441.4993,-286.38913,161.15135,391.33136,-22.976397,151.24164,511.2707,-248.91081,139.75664,475.04678,-90.2662,138.9321,527.9188,-298.52066,130.58298,484.25632,-115.644104,119.99319,513.7167,-284.59012,128.80266,483.4811,-143.00116,122.89424,504.38684,-245.8356,135.54918,481.08942,-107.815254,248.88748,461.15765,-88.665474,248.04695,433.53076,89.20143,356.5472,458.06204,41.99083,396.67075,450.47397,209.39838,487.92245,447.2814,210.97038,533.3224,415.78366,357.18414,509.97983,441.2224,228.67891,561.60956,403.3989,375.68488,501.26328,456.59445,197.45032,539.65356,425.8597,342.42642
40-0.pngresized.png,767.0904,189.78021,-214.44543,753.55054,188.44019,-184.30771,752.6942,191.39774,-184.30313,752.09644,194.35057,-184.4107,751.9569,185.82764,-229.47801,748.846,186.76306,-229.7953,745.73834,187.67447,-229.89655,734.10535,217.05682,-65.58871,724.646,208.31284,-267.87704,760.60925,213.78563,-170.48842,757.169,210.56737,-229.93982,705.39825,325.72595,41.89631,692.2423,317.41245,-333.31433,685.11926,462.77164,58.74698,676.1008,465.95605,-352.11002,706.36,582.6569,24.493269,709.0289,602.4841,-341.262,716.52356,596.4107,15.218455,714.1169,629.65985,-395.81754,717.3925,603.43243,-27.43523,728.2976,625.17523,-381.11023,710.53546,602.7738,1.3940642,723.24506,617.01715,-335.6297,595.055,528.52155,114.72944,590.13837,533.10046,-114.44964,394.4925,570.3528,210.18542,398.63925,630.20746,-122.36304,235.47041,579.7573,307.1577,215.63528,593.97906,-2.2683377,205.44096,572.9954,316.1323,188.85883,578.4383,10.718749,199.08286,608.7021,242.15125,147.86586,602.95807,-81.00415
41-0.pngresized.png,233.49843,305.25778,-212.83139,251.56035,291.0258,-233.51117,256.2582,291.23688,-233.51237,261.16104,291.19775,-233.9182,245.64957,290.94644,-187.17427,245.83727,291.33554,-187.27261,245.91347,291.86002,-187.10059,287.2821,299.54343,-259.0249,268.05563,298.31586,-50.12705,248.74629,322.3263,-218.57681,240.92598,322.20218,-159.31938,315.5978,407.16272,-319.7803,307.4955,390.523,91.93317,253.2022,550.6375,-335.3558,237.24799,523.0992,55.300922,162.4982,649.3911,-344.7786,134.3051,614.0541,-77.24381,144.21472,665.78345,-421.46527,102.2569,618.9197,-98.15418,130.53188,658.7886,-391.67746,102.76883,619.29004,-148.82689,137.36774,657.3033,-337.57904,120.14689,622.8898,-108.10119,421.5302,608.6369,-126.84466,439.05875,595.40015,127.65643,237.9641,570.39954,-63.760235,623.59607,636.96375,248.67923,161.1388,609.7873,162.5316,798.0842,597.8165,396.70197,169.40463,626.235,183.16399,831.2455,589.0627,413.3759,81.116936,571.8336,158.19919,821.3708,600.9203,359.36072
42-0.pngresized.png,490.95297,160.96889,-137.97571,484.8796,158.23825,-120.72618,486.02396,159.02098,-120.70172,487.28394,159.797,-120.75884,481.12497,159.68382,-137.99231,478.74023,161.35992,-138.22778,476.37262,163.02063,-138.33066,486.58597,172.95624,-49.917107,472.20526,177.15895,-125.33772,497.0056,173.6438,-110.92395,491.05508,175.48978,-133.3538,479.89365,238.74658,33.030293,488.9494,244.40466,-172.82596,484.16098,345.13632,25.157633,507.26086,354.66098,-169.25055,504.9782,437.33774,26.235062,536.27576,447.79755,-157.38838,516.4996,449.50964,29.031593,544.818,467.53494,-186.8383,514.8685,456.64172,4.756335,551.5869,463.6737,-173.3297,509.28876,455.76212,14.449329,546.589,458.81125,-152.64941,409.96756,388.5557,62.511257,416.96844,394.2687,-62.5977,305.50287,408.12076,139.35959,277.70038,452.90805,-82.921234,191.7825,412.70276,153.73111,130.61165,417.25192,-57.82948,173.00279,404.72934,156.27722,111.00704,405.9948,-52.979794,151.74397,428.896,122.3588,68.490295,410.06683,-93.92128
44-0.pngresized.png,447.876,205.20416,-56.683277,440.44675,198.66414,-45.30164,439.2925,198.95084,-45.34006,438.17532,199.32689,-45.345417,439.4392,200.55196,-63.94579,437.38187,201.85355,-64.03204,435.29602,203.17961,-63.98496,428.45996,209.95027,-4.845799,423.7959,214.5239,-83.12287,445.1861,218.94269,-43.569946,443.49368,220.69159,-65.649826,399.28296,270.22058,59.737354,402.11017,275.79626,-146.63513,418.13,335.68805,62.15616,430.26636,362.78745,-157.99998,474.5046,355.35434,57.939056,497.31454,373.17917,-214.01141,502.8953,351.54758,54.168148,527.4144,373.7538,-266.61337,502.1991,352.93567,39.164474,526.9045,361.37042,-256.52142,491.29697,355.92148,48.313576,515.9001,363.6491,-215.71828,284.1422,333.5156,68.14396,283.16946,339.99347,-68.16207,157.76343,332.28485,77.218155,164.24211,336.8124,-74.91138,63.841145,332.7105,138.31355,43.54332,329.1306,-30.426767,55.95845,320.78952,145.26813,33.40246,314.48032,-26.084711,19.850655,342.20898,98.30035,-0.8351422,342.03476,-77.93636
45-0.pngresized.png,518.80383,172.88057,-63.76945,509.54987,173.57896,-47.61724,509.48068,175.45114,-47.645985,509.54367,177.30319,-47.748123,508.89395,173.70245,-72.73618,507.56305,175.56094,-73.011986,506.23895,177.40195,-73.07731,508.35324,194.73721,8.425386,502.67688,194.58424,-99.75693,523.8581,187.78848,-43.545044,522.28125,188.24153,-75.26889,518.02527,274.70633,66.84338,515.60626,268.6456,-160.7576,519.7242,380.94696,62.086834,534.8953,379.12134,-155.04187,545.8669,459.6078,67.04652,565.0263,465.24933,-165.66838,558.2987,464.12787,64.31268,575.2615,479.9026,-201.21463,558.5645,467.91614,39.975574,579.3929,473.97183,-187.97441,552.6184,468.27094,54.078915,576.2731,470.62692,-162.50452,451.13934,430.1151,70.02099,452.9052,433.0399,-69.96004,310.2782,446.0456,113.63104,312.6177,484.7548,-102.18252,186.2319,442.5764,138.00589,163.97273,446.92877,-55.818962,165.17906,434.06952,142.19972,142.51128,432.46573,-48.22954,139.35109,456.4578,89.323456,90.02387,442.3381,-94.3103
46-0.pngresized.png,145.45168,125.65687,-110.675934,163.76321,132.69193,-115.05585,166.14047,135.47585,-115.06006,168.60988,138.26659,-116.00331,159.96762,129.95009,-84.796394,159.84158,131.80194,-85.86219,159.92012,132.81816,-86.46086,173.81078,155.81548,-140.07428,160.52823,147.91283,-4.3879433,139.02148,139.61157,-117.804855,135.72705,137.11342,-82.01926,127.234406,215.08488,-206.8584,129.26018,194.3814,44.39096,89.74641,291.29242,-228.37497,86.06064,279.89276,15.234666,48.657696,381.98682,-285.14304,52.106236,353.4739,16.842993,42.489716,398.29492,-332.79456,45.629047,354.61456,8.80654,34.436047,393.05252,-309.08365,48.208523,357.17047,-20.62357,39.680294,391.1372,-288.4527,53.669632,360.9203,-5.0039062,166.50195,337.71506,-68.255516,179.64276,330.89908,68.312805,305.50635,353.9568,-21.631676,314.61896,349.1389,110.04766,438.45444,340.50375,50.923203,426.6374,346.9736,229.01033,454.47797,332.07684,44.201305,444.69476,337.68588,221.6957,487.80215,351.77142,-58.196342,448.10825,364.86862,163.35077
47-0.pngresized.png,298.05124,80.91117,-80.20813,289.00797,80.36769,-70.13518,289.0274,81.40916,-70.13019,289.1614,82.45853,-70.219345,288.04944,81.28327,-88.67023,286.75043,82.9262,-88.83885,285.46893,84.57961,-88.932304,286.45007,93.36686,-28.042307,280.68073,95.86108,-108.3055,301.58133,90.1504,-64.224174,300.25134,91.70802,-87.78959,296.61057,141.74306,12.899235,291.4518,149.04146,-138.65756,296.11258,214.79965,19.108917,297.72653,224.5534,-136.84071,308.06076,276.0715,35.14552,320.31033,284.58212,-136.17125,314.87146,279.18106,35.36023,327.258,294.66095,-162.42456,316.77145,282.71436,16.331568,331.9416,289.2341,-151.06793,312.78485,284.61377,25.98772,329.63907,287.13104,-132.7731,253.15977,255.32137,45.68855,252.11627,263.3473,-45.572586,171.8689,269.81497,111.019905,177.85956,294.37912,-27.2823,100.962425,265.50705,166.72421,100.54226,270.90616,40.642994,88.805046,259.63586,172.29465,87.25085,261.6099,48.895027,73.10095,270.52103,134.19704,67.27259,267.2626,19.347322
49-0.pngresized.png,542.0901,249.70844,-106.49931,544.05176,239.6307,-97.629166,543.8428,239.19716,-97.65346,543.6799,238.82767,-97.688835,542.29456,239.875,-119.7021,540.50464,239.03055,-119.63869,538.6956,238.1912,-119.58584,531.9279,238.03711,-38.650436,525.39777,237.23386,-131.21346,532.1533,256.5645,-82.77263,529.3028,254.92796,-109.13765,466.0303,258.33337,41.7653,472.24326,272.4313,-159.58366,399.83234,284.16815,41.67783,390.897,300.87924,-109.00526,447.60223,314.8492,-27.064161,442.70676,336.6628,-16.360193,465.92517,315.0686,-36.63517,460.528,346.44345,-26.39443,474.42938,324.56244,-47.39321,466.80515,336.91095,-19.792242,467.70865,324.5093,-35.837406,459.41708,332.56165,-12.139962,329.21112,308.20715,62.01704,337.15656,318.4742,-61.59866,217.69098,312.74414,87.7053,219.29321,327.90024,-14.867494,122.31197,313.46182,129.46199,106.0666,317.001,38.873745,106.38321,306.6346,134.31049,88.25173,308.5106,45.104134,106.30322,331.39423,116.9737,84.74261,339.82047,12.708855
50-0.pngresized.png,381.2232,281.3937,-170.16922,396.13828,290.53445,-183.50575,398.0713,294.66693,-183.4106,400.22656,298.52914,-183.3374,389.12445,286.8192,-150.77986,385.3319,288.1102,-150.9145,381.60474,289.37463,-150.76918,389.46292,317.81055,-196.83704,363.21735,305.16577,-41.222916,364.16467,291.4816,-172.98744,355.68958,287.08624,-130.13855,302.62994,353.8402,-291.73386,301.9768,348.6901,57.870518,234.42589,476.6438,-349.95685,228.57594,465.3333,53.05247,155.64243,618.9698,-403.23642,162.72095,603.6683,113.48227,147.56339,657.65985,-461.89166,150.32607,631.1217,131.42563,136.4113,652.1332,-437.47394,153.4664,636.7637,94.87738,135.82973,639.2611,-396.7904,156.81544,627.97626,99.27192,267.42917,574.2286,-116.54786,283.31625,564.8056,117.530846,436.4527,672.70624,-101.30787,427.67108,663.27686,173.1862,605.4548,639.43146,-11.367791,575.3084,631.1058,319.7114,624.7738,621.4202,-2.8575017,596.6719,613.94006,328.83566,685.0395,657.831,-76.432236,634.9037,653.5848,249.22585
53-0.pngresized.png,131.24821,204.74864,-136.62994,147.14651,195.67537,-158.7359,151.13045,196.48624,-158.79349,155.2278,197.13866,-158.779,142.7763,194.86397,-123.48225,142.6647,195.37013,-123.466095,142.47449,195.95764,-123.56634,175.9555,209.70607,-206.66214,158.37518,207.11745,-45.892467,140.98903,221.94237,-152.32336,133.82823,221.46077,-106.38339,190.61267,298.91745,-266.69238,162.68362,280.58478,9.370704,159.53961,418.77084,-295.3268,118.72292,375.20795,4.245916,68.46609,484.40952,-325.92474,56.4521,447.2833,-0.16358158,50.544357,505.4487,-382.82138,37.348663,455.63644,-8.81727,38.70301,492.20813,-373.92224,43.216053,455.44547,-37.978962,44.374847,484.75043,-324.85486,53.91647,453.2716,-16.816175,230.81313,456.84363,-83.53365,223.7513,441.8481,83.972725,303.86832,435.1943,25.231943,284.12915,461.21005,211.72105,327.1642,413.1419,208.83566,346.73962,432.69083,393.18167,328.50064,405.90622,224.66876,358.28256,422.38168,410.98093,332.0194,414.22946,178.21906,349.97244,442.5811,367.46356
58-0.pngresized.png,128.68968,125.53383,-64.197235,139.7061,126.87865,-74.9324,141.63608,128.2169,-74.8734,143.69391,129.40453,-74.850365,136.14171,127.61801,-46.579643,135.50406,129.58002,-46.754036,134.8712,131.49112,-46.769928,147.91557,142.54634,-109.553856,135.27745,144.87442,25.10296,125.47528,134.77646,-75.33455,121.80182,136.18074,-37.49209,115.32415,188.17873,-180.84085,120.34324,191.06244,94.125984,92.79522,267.15198,-218.1263,88.75669,260.15958,99.9691,63.130108,358.50137,-272.0296,65.37869,340.4618,104.88875,63.65262,378.32974,-324.65982,61.553562,351.71674,109.74096,56.683598,377.83264,-311.10706,64.69038,357.8186,80.86819,56.503685,371.9708,-270.97363,65.53815,353.541,91.19787,127.552025,328.19727,-86.36543,137.98708,323.3216,86.4156,245.32137,368.08813,-69.97628,242.06006,356.75635,147.76938,382.77466,348.54276,3.0268219,338.5649,348.89005,281.29993,403.0891,339.4059,7.9473186,353.53885,339.98083,291.64047,424.89014,347.76733,-80.06905,367.80066,360.76538,234.85043
60-0.pngresized.png,330.68124,102.95145,-112.12984,322.41296,102.57991,-96.26779,321.81207,103.88172,-96.265495,321.33792,105.14822,-96.33987,322.21014,102.199135,-122.70937,320.87692,103.24201,-122.93239,319.55704,104.27045,-123.02799,313.83252,118.17732,-37.295055,310.68155,117.215576,-154.50325,329.18796,115.75911,-90.46418,328.4008,115.47739,-124.89906,316.68607,181.49942,21.780552,305.39905,179.75232,-198.74782,340.11624,258.11526,19.720253,337.03534,264.90967,-207.51366,381.13126,318.29666,-6.623356,380.7159,325.58878,-209.26521,394.21658,321.30524,-15.670964,391.9497,335.88257,-240.6814,395.1663,323.6931,-38.963646,396.0304,328.88727,-234.00418,388.32843,324.71393,-20.566206,391.71518,326.7498,-207.1483,277.5434,298.91525,63.559345,271.53506,302.21783,-63.49564,170.51883,315.862,130.60948,185.90681,356.40637,-69.46454,87.77097,324.98474,173.57533,71.94126,326.91174,11.023367,73.13393,321.93698,177.46898,54.613884,316.4751,19.82988,64.48983,342.55762,133.75488,29.244476,331.7725,-21.37535
61-0.pngresized.png,41.92846,242.09723,-146.99548,54.273727,227.89954,-172.15562,57.2885,228.03758,-172.23735,60.420143,227.84485,-172.38782,54.368553,229.00237,-124.03217,56.318142,230.6896,-124.206505,58.17977,232.43422,-124.25909,85.66957,238.19547,-247.6374,80.97963,243.69612,-27.7681,55.41742,259.36124,-171.81555,53.321476,261.96826,-109.344635,139.02563,336.81137,-308.5614,137.81996,333.55948,105.73775,205.02646,478.21863,-334.45853,170.99222,466.0031,124.494064,118.121994,591.4922,-342.3677,117.95553,550.7638,82.15058,78.57866,613.15906,-406.8223,84.53188,551.6795,99.17794,62.887894,594.846,-359.92987,75.46489,554.41736,53.38658,77.42982,588.1529,-327.19174,90.59742,558.3563,60.92531,286.27094,525.97876,-130.65475,282.70667,502.9008,130.81767,483.02643,552.14374,-77.75527,479.52277,539.3885,186.64131,673.9996,555.6921,36.073307,652.80054,531.2546,360.6366,699.207,533.80273,50.002487,679.3252,509.70898,381.40192,735.89056,579.7234,-62.25796,715.1909,558.29706,284.56705
62-0.pngresized.png,407.11755,118.24224,-47.236664,403.11124,117.33143,-31.36837,402.86914,119.28422,-31.408287,402.7136,121.23546,-31.490345,402.59818,114.87998,-52.23358,401.45886,114.807465,-52.400715,400.31763,114.730194,-52.46291,397.74432,131.8769,26.468975,394.0331,123.38112,-63.740486,406.19672,129.86421,-25.439749,404.6315,126.66224,-51.8272,374.19385,178.8079,100.214485,390.44415,177.37636,-133.76276,380.7404,259.9928,97.1908,399.06744,257.0473,-144.54382,418.44104,323.4018,84.43189,420.8784,331.02417,-151.44415,434.37143,327.86035,82.700165,430.27637,344.82355,-182.07695,437.8745,330.52667,59.788494,437.53043,341.8014,-168.35728,430.925,331.4172,72.005905,431.9408,338.10864,-146.86359,298.7848,291.64294,75.72081,309.13953,300.4848,-75.61977,179.77797,305.28635,92.95665,197.84352,340.5816,-103.90691,81.03691,298.66696,124.63851,91.07492,310.1967,-67.80483,66.45773,288.7185,128.28197,75.36076,294.221,-61.701202,45.056015,313.4156,78.35875,46.271767,315.51413,-108.309814
65-0.pngresized.png,493.99283,185.54358,-76.30228,483.46622,189.31783,-58.335007,483.05823,192.34547,-58.317245,482.7966,195.3243,-58.463917,483.72705,187.4424,-91.483444,482.5759,188.97453,-91.82319,481.3939,190.4904,-91.9417,480.97443,216.9969,8.121578,477.34302,209.8968,-138.39632,498.81677,203.37788,-51.557747,498.64984,201.0992,-94.905235,501.41428,297.62808,88.24867,499.36572,290.4164,-224.26917,528.90735,401.73688,80.34316,558.07623,395.11606,-228.94844,573.1311,489.8905,86.22135,631.6399,501.0497,-227.23717,585.2754,495.08087,82.812454,650.312,520.8515,-271.8226,586.41956,499.564,55.765495,659.3092,513.81525,-257.5335,580.89764,500.79938,71.07246,652.02655,508.87137,-222.65776,452.87875,463.4894,94.38081,453.83307,465.1491,-94.19447,289.31378,490.22348,130.26175,299.3616,534.5798,-152.95891,151.697,483.04782,176.23074,135.41331,488.03745,-72.37999,131.29169,472.64453,182.30447,113.95243,470.70917,-62.425274,99.47021,506.81763,109.571754,56.26888,495.24417,-128.05086
68-0.pngresized.png,166.22874,166.77147,-85.33879,176.53008,171.39655,-92.844,178.17833,173.12593,-92.84863,179.92476,174.64531,-92.982506,172.38582,171.59218,-71.21084,170.91307,173.3756,-71.28917,169.49794,175.18915,-71.18526,179.52402,188.08794,-116.40997,164.15907,188.69724,-12.508784,159.77858,175.9623,-92.68237,154.89702,176.41658,-63.636852,134.17928,224.30879,-183.12317,142.96968,221.9603,49.140133,82.43396,285.8944,-207.01675,89.53669,282.3988,45.705734,35.884293,356.9295,-218.88696,45.988037,338.31094,44.39043,29.785885,374.38052,-257.6945,37.567535,342.96716,54.987877,25.10178,369.48004,-240.10884,38.716347,346.00046,23.898846,26.924623,365.86194,-213.30177,40.915413,346.3559,31.836056,156.4546,350.0539,-71.67082,168.02678,343.6688,71.64408,291.1086,365.4956,-50.060986,275.06445,362.6467,121.52629,412.7951,346.22165,1.2769898,365.08728,350.4211,233.39772,426.847,338.6527,5.2825894,379.82678,344.35947,242.80951,455.2195,348.34827,-66.576706,388.7045,357.73746,197.22194
70-0.pngresized.png,545.78485,267.5991,-106.34655,541.5917,256.7624,-96.10121,541.1148,256.58124,-96.098816,540.7452,256.51047,-96.12117,538.2546,257.78555,-115.608345,535.1093,257.78836,-115.67602,531.94086,257.80276,-115.48144,525.3959,261.4761,-43.074245,512.9714,262.90125,-126.06905,536.3451,280.2718,-87.60965,531.9048,280.38577,-110.98628,482.7767,317.08774,25.675598,459.75974,321.71918,-168.73384,517.91705,401.96616,22.039286,470.25912,423.3575,-189.75342,592.98334,439.83963,-44.904873,551.70667,446.48135,-242.997,627.2678,435.23642,-72.08072,583.09283,446.90186,-294.62793,624.68243,434.20422,-90.54552,585.7248,427.64944,-294.43887,609.43066,438.93478,-60.2457,574.093,430.1534,-248.68143,331.2428,397.42,66.47816,320.94662,397.7491,-66.28817,199.96564,400.45828,83.21959,191.52283,418.9498,-65.03063,90.064476,388.96457,154.51384,55.241177,411.18695,-11.714305,74.84014,375.49536,162.67099,39.295223,400.39542,-6.6298385,52.716534,408.5371,123.466415,9.296653,430.1199,-59.614544
71-0.pngresized.png,75.02087,89.1012,-36.9013,81.66945,87.76988,-45.031834,82.531715,88.71757,-45.01753,83.48169,89.51333,-45.03807,81.744286,87.221794,-26.927849,82.44764,87.89745,-27.015104,83.09418,88.60279,-27.05945,89.4006,97.05775,-76.16816,87.98042,95.71367,5.84306,75.23918,97.1099,-47.716385,75.21107,96.61868,-24.532808,86.32664,134.61441,-110.84071,90.07148,130.40192,45.85643,65.08942,187.43433,-118.95476,72.08826,175.9737,45.90114,39.41644,229.59868,-135.99902,51.319115,215.0987,38.395153,26.255816,233.0316,-163.4842,38.841614,212.92711,43.3429,25.767519,228.53343,-150.7626,39.66412,215.09706,23.624306,29.667332,228.34161,-133.63028,44.06966,217.84276,29.543995,126.87125,210.11537,-51.567314,129.48303,198.95781,51.472248,202.65651,222.96118,-49.271767,206.41977,211.10588,61.85704,273.7447,219.85359,-23.657675,270.41544,205.2325,117.648766,283.3426,208.36145,-19.661499,281.0809,194.79932,124.08892,303.02084,223.70622,-69.82391,296.97086,214.89458,78.16146
74-0.pngresized.png,65.847046,290.00345,-203.32661,85.88374,282.3107,-221.56026,89.65464,283.31903,-221.60312,93.48744,284.11206,-221.6524,83.34271,285.47873,-175.34476,84.29393,288.9814,-175.47264,85.200584,292.5335,-175.60835,115.97824,306.00742,-269.95,102.738014,316.8477,-53.82524,72.534386,311.01245,-221.00624,67.117165,315.7217,-159.50722,142.93904,430.0289,-349.59512,117.327225,420.048,31.143044,188.24078,593.3651,-380.29538,127.22601,557.88873,25.50148,87.86772,694.97644,-399.93588,87.74578,657.9908,-60.62382,66.039825,717.3453,-474.64044,74.27137,666.43896,-74.28906,52.34935,699.61426,-446.57123,74.30026,665.7324,-118.553856,59.947353,691.3288,-394.677,82.21378,664.314,-85.16867,241.48875,647.92426,-129.47624,237.70166,635.2357,130.27869,397.63156,678.6072,-12.125898,430.03918,681.12366,314.85452,539.8272,661.1478,235.31848,597.45807,668.5511,531.25024,563.0907,652.56006,262.5113,628.9324,659.4472,557.1224,564.87225,663.8588,215.93633,619.2839,682.73553,496.69693
76-0.pngresized.png,131.85287,162.16374,-69.201324,146.00081,160.71335,-82.32287,147.91147,162.62276,-82.29393,149.97443,164.26463,-82.32873,145.2358,159.63754,-48.86079,146.32324,160.90788,-49.05506,147.3081,162.24013,-49.110256,161.06319,178.99867,-133.73691,156.17598,175.82938,18.064081,131.76488,177.31169,-87.49228,131.04562,176.16608,-44.573124,153.36963,248.09157,-195.37032,156.73973,241.75218,86.699394,118.14483,344.10306,-206.87727,125.32791,324.51135,86.30904,70.77587,422.3873,-238.60435,86.34253,395.56598,74.33563,49.72745,429.54935,-290.6415,65.059586,391.20203,80.212585,45.486385,421.81488,-267.72363,66.93794,395.31424,46.767124,51.34727,420.91376,-234.25085,74.57747,400.5646,58.31649,226.91829,386.20804,-89.32628,230.5687,369.25995,89.24299,357.58527,409.81497,-73.74567,370.03043,391.27954,117.55859,485.2443,400.4526,-8.648395,486.82172,378.68536,219.62804,502.40143,381.33575,0.18324558,506.22418,361.16568,231.2497,537.17645,405.54547,-89.91354,533.71686,393.07538,146.83455
77-0.pngresized.png,155.05641,201.52016,-128.33688,167.35162,192.18033,-139.27422,170.53467,192.30138,-139.29636,173.8469,192.24985,-139.58917,163.41951,192.80656,-110.1108,163.57567,193.53899,-110.20513,163.68025,194.34998,-110.05586,190.91412,199.8333,-148.88622,177.34203,201.4149,-15.965139,164.31277,214.34764,-129.84665,159.04701,215.278,-92.52808,203.92412,280.9645,-200.41722,206.63673,268.88107,73.54953,164.18417,382.36975,-221.01169,161.6616,368.04602,44.46972,101.92992,439.7707,-235.47467,97.22624,429.18576,-39.361694,88.87657,447.854,-291.62247,76.12031,430.86215,-47.779392,77.982025,439.64523,-263.439,77.47113,430.59528,-86.845924,82.36248,440.17407,-228.88084,88.70924,433.56458,-60.54586,294.20355,428.7643,-85.698944,307.5943,418.57874,86.3796,200.34552,407.96063,-75.3931,425.66467,440.51242,173.95149,185.68204,394.56766,136.83997,563.36487,419.84796,295.3203,192.69275,390.9603,160.56631,587.3918,412.39685,310.7783,157.57358,375.0119,194.6818,588.37146,427.3412,290.84213
78-0.pngresized.png,62.274147,163.91504,-76.32258,70.88156,153.65216,-95.33878,73.1482,152.89899,-95.36037,75.478516,152.02881,-95.34615,69.98487,156.3669,-67.617615,70.9677,157.8424,-67.73878,71.86832,159.3687,-67.91572,92.5702,158.5207,-143.35783,86.14317,167.83319,-15.275239,71.26074,174.15776,-91.287544,68.93058,177.96086,-54.775345,117.965454,225.91891,-182.96797,105.44069,232.493,39.237614,122.40895,326.02277,-188.52336,101.81124,316.95535,55.95353,73.52867,391.75168,-181.73349,74.68809,382.62,52.923428,63.460453,406.90878,-213.5428,65.108215,393.1964,51.083202,56.211098,398.21115,-205.92545,66.04183,390.00577,33.102,60.13733,392.66672,-180.09103,71.022705,386.6797,42.578945,179.08151,357.65067,-65.28876,174.23715,355.6264,65.590294,264.3188,385.69998,-10.2427435,275.26376,379.45255,133.16539,364.12918,384.48944,101.559074,368.4325,374.0877,259.05795,382.6342,382.5302,110.078186,387.86703,371.16772,270.61932,373.52356,391.34076,40.799778,375.3072,380.43707,214.29752
80-0.pngresized.png,107.856125,157.33334,-85.262215,122.033134,152.90446,-96.58394,124.7751,154.1892,-96.5506,127.50822,155.26868,-96.52947,119.4255,152.28561,-67.433304,119.923386,153.12611,-67.56322,120.44876,154.03679,-67.58372,142.02985,167.42645,-124.6798,130.91425,165.99911,8.28572,111.90592,171.68445,-95.55795,108.03695,171.27646,-57.592514,146.32977,230.4772,-181.90472,142.4241,226.71718,73.32958,117.89589,305.82693,-224.4554,116.25758,295.9837,65.30009,72.312294,372.94897,-254.54973,80.12984,353.51636,14.869035,59.89617,383.46802,-301.41122,62.56241,356.39963,9.520171,54.994743,378.71954,-277.08472,65.77763,356.5702,-26.198856,60.73511,376.87637,-249.93474,73.485115,359.06827,-4.027423,238.36615,335.2135,-80.05944,236.96275,330.243,80.237045,351.73972,350.7026,-40.57261,345.18265,349.0851,124.39489,461.23816,354.44003,46.551476,441.7293,345.6291,249.0527,475.28552,345.6667,55.829952,456.43893,334.34967,262.5809,491.8912,373.0855,-27.085897,469.51282,365.2997,192.91237
82-0.pngresized.png,219.46973,81.818954,-101.08367,215.88995,78.91168,-90.96906,217.07794,79.271614,-90.918976,218.36183,79.65067,-90.907,211.54082,79.358955,-98.56512,209.16226,79.97801,-98.65887,206.80363,80.61592,-98.71999,216.58751,86.57467,-46.3467,201.0258,87.75712,-77.62593,222.40446,90.202415,-84.8897,216.28122,90.6959,-94.06761,217.7876,121.20941,-1.0791785,199.43993,125.40466,-96.44971,241.54628,158.95828,2.6100376,204.87436,171.70947,-104.13779,265.70847,190.3629,-18.494804,228.56613,209.68976,-108.58772,275.27518,192.64494,-25.179644,233.76077,215.65298,-127.6378,272.8393,192.40091,-40.594967,237.72655,212.11473,-122.77932,268.13608,194.73445,-27.057133,234.81613,211.04222,-107.95634,165.48177,189.4645,25.660547,158.96494,189.6822,-25.676073,107.93871,193.76752,70.42524,99.900444,208.01927,-7.92889,54.61573,189.47173,101.75172,45.686028,192.86458,33.72543,45.994946,184.95703,104.90101,39.501038,187.84447,38.835823,36.871803,197.77144,88.300095,22.015497,197.02596,20.764498
82-1.pngresized.png,147.44434,30.79903,-147.21089,140.77055,27.614336,-132.92096,141.00647,28.007135,-132.97221,141.37587,28.366909,-133.16075,137.74986,28.347174,-150.31158,135.44316,29.330814,-150.29926,133.12445,30.35622,-150.1838,133.44962,39.53304,-78.39122,121.81985,43.16084,-153.82079,146.89793,43.275875,-128.21071,141.46228,44.18449,-150.14398,141.70284,98.61689,-72.45798,101.494415,105.341354,-161.58163,154.11656,168.30602,-76.44392,110.59661,189.61095,-186.13058,180.03352,232.91934,-103.96291,128.36786,258.83966,-207.67044,185.35059,246.35318,-113.052055,126.81967,276.8694,-236.96155,185.63202,250.0726,-128.98657,133.51495,276.27612,-239.87927,181.7175,245.84172,-111.59901,136.00612,267.66165,-212.02824,138.73105,204.79321,36.91688,116.908806,208.07082,-36.33364,144.84677,247.03496,149.70734,110.576035,251.46869,86.97176,141.45065,280.40775,310.68362,101.97862,285.38492,240.8553,134.97624,288.93515,325.09943,95.50579,294.68097,253.85194,159.4652,285.10464,297.2954,116.82742,290.19296,216.20273
84-0.pngresized.png,6.0764422,219.98781,-86.97595,12.213414,210.85677,-101.553474,14.501488,210.63103,-101.56017,16.675589,210.32758,-101.52587,11.191238,210.56479,-80.70513,12.290716,210.86157,-80.699615,13.433257,211.19981,-80.64182,32.923874,212.5173,-128.21721,27.702417,214.76883,-34.27513,15.800642,228.92038,-92.50385,14.162787,230.36017,-65.506096,80.24649,262.83826,-157.96236,73.13413,228.71301,26.23772,154.88762,289.69034,-176.64507,139.4626,247.1924,111.99842,100.091,339.38077,-210.69276,92.90284,286.13376,238.9193,83.221085,347.65186,-229.95102,76.49915,281.5918,258.55963,70.98445,336.73596,-210.13911,70.41339,288.4748,237.17523,76.206825,334.47034,-204.58093,78.18092,292.24808,232.61438,224.18797,316.38672,-68.961205,221.166,293.00308,69.03253,350.42596,314.4359,-19.18685,331.52905,303.03177,102.21123,451.12943,304.139,15.956941,421.95746,294.4466,171.99171,464.4664,295.0362,20.663126,435.56778,284.07382,179.83669,477.30444,321.42044,1.502436,445.84778,319.35733,165.81044
85-0.pngresized.png,395.7822,103.783615,-75.35537,386.0298,105.81199,-60.10924,385.9672,108.20887,-60.20134,386.01602,110.61997,-60.161762,385.49396,104.856926,-84.12542,384.36063,106.25428,-84.327095,383.21698,107.65599,-84.42088,386.10178,126.746735,-7.79708,381.47522,122.95286,-111.5047,402.53845,116.2849,-56.951588,401.13306,115.459366,-87.32785,393.4845,191.6045,62.317253,395.8877,181.7737,-167.14313,379.8389,268.84863,83.29897,377.74942,257.77686,-157.7205,410.75027,322.30353,88.313126,396.7531,332.51724,-167.92294,423.62885,320.32053,93.04129,405.34564,344.66675,-195.16283,434.67,328.14786,66.22007,411.5437,343.32288,-183.17876,428.33472,331.69296,75.512474,409.3881,339.81876,-163.2726,328.9176,310.5055,75.34976,333.959,319.1695,-75.0919,194.88461,332.7348,102.34317,197.02026,359.18683,-99.20925,104.35767,316.53314,159.3228,89.35886,314.87427,-47.375137,91.430984,302.977,165.27698,74.85328,293.55206,-39.58175,56.19045,332.49005,87.37776,34.576855,318.84763,-106.50568
88-0.pngresized.png,171.81224,217.93826,-139.35474,189.9889,212.15765,-155.91348,194.137,213.48318,-155.8894,198.42676,214.53749,-155.87433,184.5595,212.42218,-113.98737,184.08722,214.18553,-114.22035,183.52945,215.98618,-114.295555,217.93805,231.15698,-200.4168,196.8999,232.12999,-8.712883,179.07257,235.5715,-154.84142,171.0888,236.73976,-100.52409,215.97438,321.41495,-260.5672,206.44576,310.62433,75.98432,173.7621,436.70233,-272.74603,170.45331,411.64886,79.56267,104.99622,525.6738,-293.6873,119.8364,495.40732,60.557346,86.22494,540.25616,-354.0072,98.53494,496.50586,59.931953,76.772484,530.8908,-332.41208,101.19966,500.4286,26.569067,82.69916,526.13617,-290.69867,109.803505,502.97974,42.382717,286.149,493.0521,-106.93508,288.13867,475.91635,106.98636,456.5086,524.27673,-78.57627,458.2597,519.08264,126.58941,615.64435,523.2161,-15.992953,602.162,509.58362,253.44461,638.9231,508.7259,-7.929464,626.06464,493.14145,267.1941,669.73895,534.95953,-103.7836,647.8362,531.6281,175.69917
89-0.pngresized.png,440.7242,130.19147,-76.62966,432.5838,130.17282,-61.19919,432.371,131.59512,-61.194866,432.2647,133.00826,-61.301933,431.6237,129.98874,-85.974686,430.13074,131.28662,-86.15401,428.64194,132.57803,-86.24374,425.84238,146.90099,-3.2931314,420.21667,146.45998,-112.700836,440.85358,143.01642,-54.724728,438.76724,143.03242,-86.801384,416.63443,210.71002,49.755787,419.2523,206.25401,-161.97227,416.4774,294.93488,51.10387,417.45822,294.2518,-163.10352,442.7759,349.80237,38.775368,439.286,357.85535,-161.97403,451.6953,352.99106,36.56009,445.89444,368.93362,-191.16913,455.21326,354.5885,13.747117,450.32495,364.55563,-181.20607,450.78754,355.68903,26.643959,446.8358,362.02927,-158.7418,361.73117,339.98782,66.59287,366.8866,343.6304,-66.33097,269.05432,355.24503,142.0789,279.93036,388.3225,-59.17909,185.40001,354.50183,192.90071,173.80186,351.78415,13.493606,168.09114,351.46957,197.36748,156.02054,341.71964,22.028746,167.17357,362.3982,162.1948,130.87611,346.1445,-8.044825
90-0.pngresized.png,256.45755,81.01861,-40.96899,252.62817,77.7396,-34.904526,252.20883,78.2269,-34.89977,251.86028,78.710175,-34.910202,252.40552,77.562256,-49.41223,251.40791,77.70429,-49.5275,250.40503,77.85225,-49.572197,245.76718,83.16162,-8.959792,243.1167,81.942024,-71.79785,253.59312,87.3619,-30.533878,252.66656,86.93194,-49.06939,236.11855,118.441185,22.79248,226.50531,114.54113,-96.283936,233.20612,167.4523,26.86449,224.94092,166.86174,-97.75893,251.73164,203.53604,13.453155,251.71048,203.94762,-93.14705,258.97354,206.23283,9.200154,259.06116,211.32552,-109.28479,262.44818,206.6277,-4.67529,264.0092,206.75731,-102.58138,258.24374,206.72343,5.175642,260.60123,204.81618,-90.66297,193.87608,186.0666,32.87466,188.15486,186.33942,-32.836903,141.0151,192.12236,70.6332,125.08909,212.42812,-34.71473,90.598,191.86842,89.14069,61.982635,195.56926,-13.147465,81.81822,188.7352,90.540474,52.25238,190.72324,-11.161533,76.26043,200.0448,68.18646,38.840446,193.52777,-38.274536
91-0.pngresized.png,165.92589,134.13087,-139.23956,176.64986,134.49423,-146.80724,178.31342,136.49275,-146.77974,180.06602,138.51724,-146.99911,174.30742,132.17938,-124.94677,173.43683,132.15752,-125.06757,172.54012,132.17508,-125.04843,180.16925,152.88626,-161.5257,171.58804,144.52707,-61.408463,161.44563,147.06128,-143.39297,156.53735,143.10556,-114.75994,151.37885,212.8971,-203.25397,144.34491,201.66902,8.843293,127.19537,295.9147,-234.63344,137.28146,285.15396,25.159119,95.76195,366.15735,-243.58488,119.85671,336.10825,-3.0863242,93.85931,384.39035,-274.22168,119.44093,349.6388,-3.517101,89.303276,387.16513,-272.58157,116.08345,347.7218,-28.456043,89.2058,381.1646,-245.24902,117.8573,344.72888,-14.945544,105.217155,339.0872,-68.93585,106.88855,329.621,69.466125,96.41686,360.07855,73.98758,81.97064,365.8339,251.38805,74.68163,397.59296,260.14108,62.405952,392.7705,424.83548,75.852875,409.17023,275.7623,66.621666,404.31778,442.41177,45.87099,393.8618,214.18773,18.470335,387.0262,406.17343
92-0.pngresized.png,404.897,182.87946,-50.769295,399.54767,176.51472,-44.98529,398.61502,176.4719,-45.000793,397.75507,176.49384,-44.99119,398.91745,177.93889,-59.748905,397.21832,178.5279,-59.808277,395.5112,179.12039,-59.727806,387.68887,182.00304,-17.000715,383.82178,184.95229,-78.9884,399.79718,192.1992,-40.577423,398.70917,193.17418,-58.29927,359.13907,224.0316,26.005142,359.7901,231.50677,-110.666695,381.86612,282.3666,30.948755,380.7403,302.98825,-106.12572,427.822,300.66238,22.669344,435.76657,315.0404,-127.35047,448.4206,294.096,16.01432,457.71036,313.5583,-161.07657,448.52972,295.30334,2.921271,457.80002,302.31796,-158.74823,439.6534,299.7115,14.368157,448.96683,304.55643,-129.46411,263.68286,286.3153,39.130783,264.7823,292.20328,-39.104355,164.99026,294.4984,60.456757,173.63474,312.5939,-32.19197,85.8367,295.4185,94.58225,72.62322,314.43304,-1.910974,73.41525,286.73837,99.4874,60.67799,307.26935,2.1345484,62.07304,306.5796,72.641426,40.801777,324.5281,-26.16077
95-0.pngresized.png,546.0653,166.57729,-95.516174,534.0352,167.41428,-76.43772,533.85626,169.32248,-76.47987,533.84216,171.21394,-76.61213,533.2865,168.03842,-105.50564,531.76324,170.38055,-105.809105,530.23676,172.71753,-105.96511,530.7724,189.85713,-6.661826,524.1859,191.48146,-133.51698,550.74896,182.52994,-70.46455,549.3254,183.84415,-107.77173,543.2801,272.805,54.998222,536.9972,274.39282,-193.2995,548.40045,381.5141,54.895317,555.9959,389.99194,-195.3222,573.55396,468.69717,59.220135,595.9098,477.2797,-202.86034,585.05444,473.3493,56.585297,607.8602,492.29425,-242.77568,585.86896,478.07623,28.23107,613.63666,484.38455,-228.90399,579.3643,479.8531,44.760952,609.4647,481.40103,-199.42676,473.0493,446.0652,75.1605,474.19785,450.76624,-74.85098,326.40952,463.66205,148.66895,342.29062,496.857,-88.775345,204.53604,458.38208,211.25604,199.23535,455.5404,-23.138586,182.56181,453.79486,217.46817,174.4106,441.86386,-14.208892,168.2248,461.0966,157.91322,138.55692,445.86096,-65.16353
96-0.pngresized.png,628.5375,304.09494,-86.528915,630.7335,291.2749,-74.86213,630.59656,290.54077,-74.83631,630.54266,289.89062,-74.871956,627.2724,291.41537,-102.31779,624.45,290.03082,-102.37066,621.60034,288.63882,-102.32194,613.2628,287.95184,-11.80397,601.1163,286.25565,-128.99384,613.88904,312.4451,-61.2228,609.1089,310.21872,-94.608505,529.1693,315.44385,73.598045,527.26074,323.288,-170.56113,463.08884,344.77606,103.13729,441.20013,376.85617,-122.750595,528.3104,381.14084,99.13214,518.53754,416.6892,-74.74831,555.2222,384.34424,99.93015,542.9084,429.14105,-104.49781,562.4331,394.15942,87.62426,550.4332,412.95697,-108.037964,552.3246,393.2337,88.365135,540.2649,408.6315,-77.26441,357.64603,368.57462,80.604774,360.49783,374.40198,-80.300354,218.81143,374.1577,86.29024,213.40218,387.35266,-47.359615,92.25714,371.69333,148.15071,75.54013,379.01395,18.562593,73.34338,360.2335,154.23633,56.753155,369.1536,25.09108,62.36412,402.0701,121.652145,39.401928,407.59308,-25.831293
97-0.pngresized.png,657.45935,156.88966,-126.7384,645.47766,156.75179,-108.77516,646.00684,158.94934,-108.78885,646.71594,161.14986,-109.01915,643.5709,156.93663,-138.36746,641.71204,159.11414,-138.73521,639.85486,161.27353,-138.84616,649.2435,181.83113,-37.11409,639.63477,181.46207,-165.50792,668.19,175.38794,-98.80942,665.35785,176.10486,-136.49571,672.8269,281.21194,65.992226,685.0216,274.00125,-247.28561,668.9071,426.5708,56.48913,697.3481,418.64377,-229.60767,676.9045,549.3983,94.45083,709.7803,565.7323,-212.0045,680.9463,565.5008,106.411,712.9866,592.8661,-261.11295,683.0938,572.38354,74.79663,721.51776,594.60175,-233.84692,681.0001,570.03064,81.59878,720.5098,587.99036,-203.62048,608.8459,495.47256,92.289566,618.83167,497.94757,-91.970436,436.0011,537.282,167.7688,454.07062,581.7686,-103.280815,285.51495,550.8913,224.80795,285.57996,552.7362,-8.3580675,261.5992,543.0552,231.63528,260.82892,538.12866,2.286589,217.08786,572.4686,151.95602,200.05846,556.7007,-58.12095
98-0.pngresized.png,407.11755,118.24224,-47.236664,403.11124,117.33143,-31.36837,402.86914,119.28422,-31.408287,402.7136,121.23546,-31.490345,402.59818,114.87998,-52.23358,401.45886,114.807465,-52.400715,400.31763,114.730194,-52.46291,397.74432,131.8769,26.468975,394.0331,123.38112,-63.740486,406.19672,129.86421,-25.439749,404.6315,126.66224,-51.8272,374.19385,178.8079,100.214485,390.44415,177.37636,-133.76276,380.7404,259.9928,97.1908,399.06744,257.0473,-144.54382,418.44104,323.4018,84.43189,420.8784,331.02417,-151.44415,434.37143,327.86035,82.700165,430.27637,344.82355,-182.07695,437.8745,330.52667,59.788494,437.53043,341.8014,-168.35728,430.925,331.4172,72.005905,431.9408,338.10864,-146.86359,298.7848,291.64294,75.72081,309.13953,300.4848,-75.61977,179.77797,305.28635,92.95665,197.84352,340.5816,-103.90691,81.03691,298.66696,124.63851,91.07492,310.1967,-67.80483,66.45773,288.7185,128.28197,75.36076,294.221,-61.701202,45.056015,313.4156,78.35875,46.271767,315.51413,-108.309814
99-0.pngresized.png,257.2163,75.61397,-164.63898,249.78357,73.53462,-146.83919,251.71819,74.61474,-146.84389,253.84674,75.70935,-146.90392,244.11356,74.155914,-164.40517,241.24554,75.69897,-164.49379,238.40517,77.336555,-164.4664,256.4844,88.94812,-87.53723,233.87721,91.0627,-157.61981,266.27612,88.20434,-144.96178,257.88715,89.359505,-165.62762,296.93283,164.14789,-51.220478,229.99388,152.90115,-196.11713,328.14722,250.50603,-65.080414,221.09383,249.20055,-213.02873,364.5349,322.40137,-87.8472,245.91475,324.55725,-249.05762,381.0951,331.30313,-93.33884,248.6564,341.7144,-284.8281,377.83398,332.81427,-128.19795,262.0846,336.63916,-276.58142,368.24936,332.528,-102.94945,263.53668,332.36893,-248.00014,232.39053,295.83896,40.157776,205.41301,290.48062,-39.839935,143.05081,305.5921,218.57979,108.68321,316.59702,91.8933,77.727585,294.12256,377.24292,34.337723,309.94336,254.8206,68.33833,286.03094,392.70905,24.15054,304.46082,271.30814,43.758488,301.81088,357.40295,-3.443773,316.83426,235.61855
image_001.png,790.9067,307.042,-120.83272,779.85583,294.446,-104.426346,778.2335,294.95416,-104.43342,776.7309,295.57104,-104.396835,778.1392,295.92484,-141.58972,774.4577,296.71017,-141.74889,770.8046,297.4554,-141.73889,754.84863,305.734,-27.655912,745.5956,307.96704,-187.4921,780.95795,324.58795,-91.57456,777.23016,324.5493,-137.55217,683.7993,380.802,71.71183,691.335,392.5847,-231.29572,642.6726,474.1181,108.34076,638.1182,508.53458,-200.54268,726.41534,527.6705,76.40535,740.12823,564.0606,-213.71346,762.6534,518.38525,70.58894,782.9649,570.1848,-269.1774,780.4695,530.01575,36.47335,785.40686,548.66113,-254.52083,765.23016,536.80457,55.45698,769.7651,546.7741,-212.26335,514.1244,499.3941,97.14452,519.1333,516.91766,-97.07712,328.72946,525.6466,119.983925,325.8246,548.817,-84.71924,165.03636,523.2523,196.05092,133.65309,533.1298,-21.286785,142.64903,499.51178,205.50491,114.88352,508.9431,-11.654066,107.28137,559.02026,140.29805,63.180653,565.0162,-85.42352
image_002.png,221.45277,203.51514,-211.48795,235.7815,201.8814,-218.04181,237.56912,205.09479,-218.02222,239.43103,208.26207,-218.13144,234.90529,195.32384,-196.66673,235.10326,193.59985,-196.71411,235.30357,191.96544,-196.68796,245.4553,223.03915,-236.4994,242.73595,202.14728,-147.53874,219.52171,222.21457,-218.73778,216.22188,213.26894,-193.75832,229.84398,309.75323,-279.90475,224.65378,264.3635,-82.26842,222.46706,417.64365,-289.13007,203.84315,357.597,-103.49657,172.74445,486.73776,-281.6983,153.11171,421.67117,-157.95714,165.46782,506.7667,-322.9901,138.93144,434.51602,-162.96835,153.02165,501.31262,-316.9399,139.92854,436.74835,-185.21681,157.45277,493.12347,-279.77634,147.13577,433.62024,-168.30086,205.21283,431.70273,-62.01768,202.98604,402.27444,62.815315,138.2732,437.4592,10.064245,133.95987,408.1476,206.05925,140.30678,433.54126,217.78539,119.652596,429.20087,278.16232,143.45241,437.51004,239.86038,122.68099,440.84604,284.58218,119.19972,417.9204,263.64056,84.74697,412.15854,292.0279
image_003.png,231.3803,110.69563,-68.313805,225.5823,115.71598,-57.730087,225.95697,117.488815,-57.771564,226.40747,119.25841,-57.720867,226.20221,115.15442,-74.05836,226.35648,116.32552,-74.21437,226.52571,117.55348,-74.28933,233.92406,127.66507,-24.17849,232.6082,125.44761,-95.240685,240.31178,114.6082,-56.092842,241.2746,114.114876,-77.89677,271.84116,157.06871,23.264357,263.1012,150.4831,-132.94044,303.63583,206.52264,18.70722,299.6451,201.55396,-127.090836,322.65283,250.47461,23.719133,333.9488,245.99405,-142.3301,330.31308,248.83194,28.836388,345.56033,250.57352,-166.77226,331.48672,251.58899,9.522316,346.59875,247.13635,-156.19751,326.91586,252.64297,14.732089,344.4484,245.43156,-139.3653,254.43472,227.45123,43.15825,256.68253,227.74081,-43.25165,173.60582,239.22534,58.852917,162.89465,242.82555,-72.13542,109.512955,246.83258,109.44047,80.43759,244.58992,-50.109455,99.79269,237.24901,116.67021,67.54975,233.17497,-44.60424,75.71225,269.29694,85.15144,36.659718,258.05753,-81.47993
image_004.png,43.414948,117.738785,-142.85066,63.957005,117.11844,-155.73576,68.17863,119.432045,-155.71622,72.46593,121.48494,-155.66603,57.56734,116.54621,-118.14891,57.10296,118.421844,-118.41148,56.575085,120.31275,-118.457634,88.795654,142.74123,-191.51791,64.90249,141.24318,-20.84331,45.95175,137.51544,-155.21358,38.183308,137.59528,-106.88025,86.07823,235.65546,-254.13034,61.198757,224.63467,61.69481,99.23917,362.49118,-274.16013,74.80241,335.96912,74.37676,97.73242,492.7246,-293.31223,89.74252,463.65005,97.51134,101.374954,516.04004,-344.6851,86.40445,482.8749,101.09424,94.55008,514.2589,-333.4095,97.812935,486.09317,69.22552,92.301315,509.218,-293.581,99.777,480.95895,82.61784,163.19012,402.13477,-101.5529,152.40475,390.80685,101.75273,333.3121,447.41446,-24.549644,299.51736,445.1646,154.45468,493.82703,459.78345,65.70149,434.91434,463.8935,321.18134,518.15063,447.99008,72.50031,461.61215,452.24628,336.999,530.9595,487.91486,-67.222855,458.47162,501.72623,233.77876
image_006.png,530.5622,121.863205,-33.25065,522.08075,123.36022,-12.675641,521.36896,126.12197,-12.712646,520.77606,128.8704,-12.820098,521.9235,120.335724,-46.825603,520.4987,120.72142,-47.052784,519.0749,121.10039,-47.069984,514.79425,145.62015,53.470127,511.44107,135.30655,-96.000916,530.8318,137.49078,-7.7232566,529.8966,133.9617,-51.619514,504.77597,223.24791,113.74839,516.48364,205.2666,-173.14363,501.34457,326.3431,106.17029,512.24475,316.67554,-192.08861,503.08145,419.14255,91.58866,513.96173,430.85165,-165.2121,506.35217,431.94788,94.4678,515.63727,449.70926,-192.92702,503.3832,436.42133,70.85467,520.16296,451.86584,-174.96619,501.8807,433.0443,79.992424,519.71027,446.31683,-157.75856,436.6594,384.36914,91.800964,447.40707,381.72223,-91.61008,291.88675,416.7348,149.98947,305.5523,451.58698,-115.83133,150.65468,426.02563,182.4226,142.01126,419.92685,-42.340595,126.31726,419.27176,185.92873,117.410446,404.53333,-32.468475,102.31769,437.69485,126.52849,73.26652,418.022,-77.86424
image_007.png,68.42283,101.85184,-70.67919,80.23652,103.538055,-79.95139,82.005325,105.16625,-79.886856,83.87401,106.58417,-79.87647,77.97084,103.72268,-52.90472,77.92272,105.50627,-53.060616,77.84633,107.27452,-53.09487,89.122795,120.14175,-112.80008,80.36754,120.91921,10.930457,65.46232,112.92974,-82.364075,62.832966,113.18657,-47.257423,68.70595,171.34312,-166.72614,76.877174,170.51877,74.93028,57.10939,247.2932,-192.97849,69.23969,240.71837,82.53958,40.045647,325.84094,-214.13013,60.59046,303.98172,88.43242,32.939007,335.14508,-251.43365,52.878265,305.88968,101.83967,31.860807,334.1336,-232.049,54.16495,309.53918,74.69478,33.17507,332.7913,-209.59326,56.273834,310.4456,76.93653,119.9512,288.9238,-81.976746,129.5884,276.46497,82.09099,240.86317,310.94055,-77.97325,242.90047,304.6211,94.919975,357.02808,303.5051,-45.963852,339.2285,302.32904,172.83374,373.45258,289.2121,-42.022907,355.79913,289.31177,180.70816,400.1763,312.28442,-125.79528,375.7954,320.22083,111.52941
image_008.png,423.9414,139.05518,-82.11143,415.4535,133.39809,-72.80389,414.4811,134.35521,-72.76697,413.6369,135.29509,-72.77958,415.5822,133.23373,-100.24695,413.83722,133.65948,-100.46085,412.08853,134.09271,-100.49304,401.6771,143.87308,-31.099133,398.6847,142.36157,-149.69608,418.68454,150.67662,-64.348724,417.89462,150.13829,-99.6275,391.26572,201.98347,21.657066,377.0926,207.35703,-190.31128,402.74612,289.52496,24.900759,394.76227,307.78278,-192.2348,443.9509,358.80145,-1.6509559,440.55493,376.65594,-183.48859,458.64392,364.0355,-14.252388,452.94104,390.5859,-214.53293,461.95404,364.27533,-38.18785,459.81412,381.32858,-203.71976,453.4897,364.87927,-16.737547,454.66995,377.13147,-179.63339,333.65262,338.47015,58.218212,324.5268,344.0178,-58.195282,233.38168,342.45477,131.48946,218.3272,392.479,-54.424255,139.41006,340.23495,158.54805,111.3706,368.10806,5.4232287,126.052376,332.6808,162.52252,97.808754,360.6742,10.827601,103.94501,359.33353,135.05943,64.9747,369.8093,-30.751602
image_009.png,453.25485,119.213234,-74.48493,443.93253,120.85461,-61.739807,443.93723,122.66545,-61.75144,444.0592,124.48657,-61.78729,443.93994,121.12446,-83.75906,443.05942,122.80836,-83.97484,442.1881,124.50473,-84.005486,446.17596,140.64882,-15.797728,443.04257,140.75952,-111.297554,460.8812,131.97389,-56.430595,459.84116,132.38634,-84.99147,464.499,210.36157,49.231068,475.68442,201.91089,-168.6926,463.18738,305.11334,35.089344,483.41333,301.21503,-156.4822,470.05167,382.45166,55.108513,491.72452,401.1344,-144.31337,474.50253,391.05444,63.81699,494.70367,418.22256,-173.78038,476.69714,396.37994,43.031044,500.63666,419.97266,-155.82462,474.17694,395.43054,45.696056,500.35876,415.5436,-138.47691,415.25705,350.71088,66.98627,424.70227,352.9377,-66.833305,294.7171,375.77158,116.10754,301.30328,412.2014,-84.28261,189.41467,383.60138,147.84702,178.51395,397.19464,-26.54654,172.20021,374.28745,153.06062,162.70493,384.30585,-18.258434,137.69196,405.88828,104.64408,111.555984,405.88632,-58.9325
image_010.png,196.24684,150.77118,-142.00417,209.07036,153.26831,-150.18773,210.81161,155.66823,-150.23581,212.66574,157.93356,-150.24243,207.45105,151.21812,-130.09491,207.42786,151.97528,-130.16953,207.31671,152.75117,-130.21844,218.32152,175.43282,-166.01755,210.54459,167.977,-74.13225,193.0863,165.51337,-149.34036,189.87964,162.86467,-123.61977,199.10873,247.74925,-198.53171,175.64774,224.49747,-36.145344,176.75412,340.0535,-201.51268,132.9249,299.37228,-34.58466,112.056725,397.0553,-220.30516,86.72026,373.3436,4.1521916,102.72428,411.6367,-255.45338,73.12772,385.43768,13.728596,92.00445,405.53384,-247.9268,80.67192,388.3523,-2.1492414,94.75735,400.35324,-218.70422,87.11816,385.76688,-1.1741872,186.04897,374.6402,-43.4941,164.45279,360.02325,44.03031,278.0438,391.81842,16.286707,150.5215,380.78946,162.16428,339.3553,371.457,156.24889,197.3225,395.78955,207.14226,343.8422,365.4233,169.62416,207.86887,394.59424,211.68607,361.78918,364.34158,159.40222,201.64793,404.94305,215.25874
image_011.png,460.75742,157.7959,-135.82951,450.12854,158.61488,-115.9112,450.93085,159.84642,-115.90063,451.8864,161.06459,-115.97013,447.7219,160.15761,-140.78163,445.89417,162.59984,-140.98259,444.10855,165.02495,-141.02559,453.44656,176.03691,-38.114555,442.69016,181.34355,-146.28009,469.8224,169.48262,-107.04517,466.3804,172.08733,-139.07254,473.08975,245.96376,56.239693,469.7591,244.42279,-206.90344,481.40433,349.8171,51.12296,485.4873,347.28436,-208.7344,509.40295,442.01416,48.07159,514.81555,441.67975,-222.47583,522.5076,448.53577,51.820675,523.68243,456.79608,-264.75406,522.529,455.66525,21.036331,529.22375,453.51935,-242.75322,516.239,456.02878,32.86807,525.947,450.1044,-215.47556,409.7248,395.37363,75.34257,410.16907,401.12323,-75.34157,268.26343,412.7554,135.19684,267.00095,454.02142,-105.287926,168.06601,415.95157,177.86491,133.14708,427.65668,-50.384243,153.65048,404.84723,183.43335,114.8957,414.17947,-41.884727,115.03127,441.13986,131.908,61.70019,430.4427,-91.09786
image_012.png,472.53195,179.2857,-86.78964,467.26855,177.75632,-71.04934,466.618,179.54636,-71.02724,466.07642,181.35747,-71.03599,467.4677,175.93695,-92.94507,466.32077,176.08838,-93.09877,465.15402,176.27232,-93.16825,457.3519,192.17093,-19.858658,455.1644,185.26201,-113.888016,468.31656,191.45665,-68.42507,467.12878,188.59377,-95.77278,435.0238,245.3649,37.868217,429.8194,246.19937,-164.25162,433.58704,319.47864,52.022213,420.68713,331.0749,-167.12053,465.40213,372.08493,42.673462,479.63016,386.84134,-174.41167,478.78793,372.7716,39.719875,498.7254,395.86554,-205.00256,483.49857,374.85324,14.959258,507.70883,387.61624,-189.07336,476.964,377.42227,30.221046,499.47467,385.6892,-168.92407,354.69193,360.38556,64.08543,354.12973,367.0415,-64.06797,246.94661,382.11044,132.29117,250.89348,399.69846,-50.098095,159.84038,384.82748,209.39355,145.98027,392.8769,15.565832,142.6261,379.35263,217.08119,128.36809,383.94403,24.04572,141.1,397.61578,178.06409,110.093994,398.3124,-17.903622
image_013.png,335.19113,123.052246,-58.589096,325.75842,125.281166,-45.933193,325.19565,127.2057,-45.98722,324.70935,129.15102,-45.873627,326.98694,126.01532,-67.937584,326.63257,127.82159,-68.12122,326.26663,129.67392,-68.139046,327.5874,143.63535,-2.3205988,328.64645,144.11256,-94.068474,343.30405,132.48878,-42.420517,344.33826,133.22346,-70.16263,355.3453,195.36827,65.58741,355.5979,195.17296,-142.94873,369.5499,260.8699,62.58615,379.13803,268.64328,-130.52437,397.62033,307.81824,55.479683,417.37225,318.45673,-157.71844,410.7421,302.2547,52.89498,434.05963,321.7926,-192.49359,417.89874,307.01477,34.201027,436.33826,315.43286,-176.86237,411.03772,311.1946,44.219353,432.78287,314.96057,-154.91708,309.3887,295.47165,70.39009,314.44174,302.24158,-70.31369,199.66354,308.77066,65.257126,193.84732,323.29163,-98.32945,104.61997,301.89502,117.85236,92.79835,309.6952,-60.597694,91.505325,286.90936,126.5477,78.422356,292.34482,-53.307907,53.040184,324.18597,80.20879,45.532234,322.93167,-104.09664
