1. 1.pngresized.png,315.0635,437.70013,-42.24813,303.3711,440.54184,-63.147945,302.321,438.76437,-63.14751,301.1755,436.83493,-63.450672,302.50336,441.69388,-31.77507,300.92905,441.08533,-31.827053,299.49692,440.18356,-31.935457,294.41522,422.6404,-128.39963,293.25833,427.67535,14.861988,318.7313,424.02542,-62.40628,317.8824,426.2432,-21.03893,304.94397,383.5766,-163.65332,303.71735,382.7377,78.31393,256.0549,468.30603,-268.55136,257.3617,447.7778,157.1518,188.66591,535.83246,-232.2468,202.79446,500.5535,17.418148,167.24825,543.671,-260.47528,182.36745,499.19925,27.70982,164.58441,536.3941,-227.55591,177.7894,503.90164,-9.384181,173.61124,534.53467,-216.9041,188.0665,507.90683,2.2857933,458.4201,257.48334,-98.90173,450.80545,264.2208,99.34317,539.65717,378.67538,-36.362133,523.7449,379.2712,144.89508,606.2673,487.25903,23.031124,592.74445,474.9923,242.87515,627.58887,508.4229,23.65479,612.48773,493.4081,247.29504,549.89966,524.167,-32.935715,547.53595,508.54062,210.5232
1. 5-benefits-of-downward-facing-dog-pose.pngresized.png,259.08224,370.43283,-30.171158,252.00562,372.7014,-47.723175,252.7154,370.9455,-47.700447,253.33037,369.02075,-48.02434,247.80472,374.61826,-23.86643,245.3487,374.3962,-23.990772,243.02042,373.8641,-24.15213,254.02734,357.937,-112.735405,240.53725,364.27487,-2.3702009,267.49933,359.1432,-49.592434,262.5111,362.27023,-17.747124,275.54663,323.2907,-146.06018,244.24731,315.15656,48.71831,221.68846,394.27396,-243.31068,196.26082,378.87244,125.65082,161.30338,451.0263,-231.79898,137.96037,421.41473,-7.5729246,145.068,461.97055,-265.331,112.063835,422.70215,-5.35952,137.39682,451.92303,-238.35461,112.69276,428.8263,-44.78839,142.21497,448.1186,-220.37537,125.43914,432.49573,-23.356926,413.4133,193.15646,-83.18581,391.3032,190.00208,83.55367,471.05447,289.95694,36.179394,453.0939,287.72733,191.14586,529.8932,389.18542,182.51094,509.44394,379.56714,360.43936,545.4048,409.19748,192.36363,528.8471,398.78067,372.4012,478.8525,425.1275,146.22346,461.7303,419.12915,335.10892
10. screen-shot-2017-09-15-at-17.00.06-1024x585.pngresized.png,395.35516,493.11118,-116.78817,407.4787,496.77457,-99.4592,409.58368,495.75882,-99.39829,411.5734,494.9359,-99.57145,406.1602,495.80472,-139.27982,407.69293,494.54895,-139.24965,409.05246,493.22897,-139.43895,421.39178,484.02383,-15.308293,417.95013,481.7965,-189.0688,396.55255,482.61755,-80.20901,395.4968,481.70782,-130.69736,408.26364,441.8573,77.5659,413.8589,442.60425,-245.24922,451.04083,499.06143,164.11049,446.4251,508.02985,-446.6382,508.21655,543.18854,6.1012487,505.35086,567.48474,-468.232,523.735,548.98047,-2.9099677,518.80725,576.7353,-502.32413,528.55145,551.96344,-40.8203,521.65326,572.169,-478.22665,520.7886,549.3574,-15.369567,515.7925,568.0025,-457.94626,286.77722,340.22522,90.82172,292.9836,311.21375,-91.40244,216.33362,423.48868,120.01038,219.57999,211.00212,-92.91437,146.59334,521.3914,210.94289,156.49324,93.51078,-14.481732,121.71864,542.8351,215.31984,159.33612,76.36324,-12.331698,188.73886,567.3719,162.49896,115.79618,84.647316,-136.40552
11. yoga_anatomy_using_muscle_awareness_to_lower_your_heels_in_downward_facing_dog_pose.pngresized.png,116.56465,111.097,240.1428,113.259346,107.36354,230.13947,112.00367,107.52873,230.21266,110.76556,107.59148,230.17422,117.31415,106.25985,235.60493,118.70821,105.64233,235.55595,120.133995,105.09415,235.48311,110.77383,108.10227,183.96509,123.43829,104.79157,210.53833,116.21423,113.90249,223.86018,119.8782,112.94283,230.94676,106.489784,127.99345,106.808495,144.25699,116.50726,192.23549,81.04047,172.98563,67.63723,138.16222,155.41197,172.37022,61.80916,203.506,44.892357,127.89696,192.00343,161.34808,54.423023,211.36874,38.355408,126.2581,196.43147,170.57138,57.946526,206.09236,49.97231,123.73095,200.43414,170.11162,62.99959,202.90587,49.174686,122.50581,199.23116,162.86815,164.51073,183.81328,-25.37021,184.12721,174.10063,25.76911,188.20854,227.09676,-63.138,213.13628,216.99979,17.101189,222.29877,258.4034,-214.1168,234.88327,251.53685,-132.47623,227.45175,259.73,-229.6686,235.43922,254.82202,-149.60095,230.58527,278.05634,-246.55563,251.97865,268.09445,-166.23541
12. downward-facing-dog-pose.pngresized.png,431.15247,432.67487,0.14068238,446.87094,438.51633,10.392702,448.56702,436.48782,10.544334,450.18967,434.76862,10.370278,447.0187,439.58545,-25.631065,449.5708,438.72495,-25.722618,451.9748,437.7331,-25.826822,461.6881,420.4488,65.81107,465.32794,423.55588,-99.14397,430.1796,415.95465,28.032833,431.15848,417.94382,-20.122627,461.80295,355.9049,154.55028,458.01437,372.41302,-153.1209,508.92227,432.85114,243.87839,498.1681,456.22543,-281.76535,566.7811,489.75,75.42022,571.8463,521.236,-223.54642,591.3593,495.92606,84.09448,600.7093,535.7408,-261.57147,595.0623,499.90564,43.578712,605.01337,524.18933,-223.50111,583.49585,500.83255,56.188442,592.00104,518.8692,-207.13542,263.79233,212.80034,118.22257,253.22194,212.35393,-118.34848,159.27971,335.09842,176.7201,146.16165,355.42807,-51.168262,68.50872,420.9981,307.8425,21.988478,472.73703,23.731277,43.650417,435.4384,316.53036,-9.532057,485.20966,23.659536,117.44775,464.9658,272.68118,80.074005,526.4734,-37.319298
13. downward-facing-dog-800x490.pngresized.png,334.4115,511.8455,27.351538,316.91077,516.08673,-4.240024,314.9833,514.7566,-4.22958,312.83673,513.3023,-4.552803,316.82828,514.64606,39.686935,315.03134,512.9327,39.596775,313.3696,510.8219,39.41041,300.94748,494.40256,-98.73583,304.31583,492.0824,102.81495,337.45877,494.80597,-1.5868819,337.42642,494.6123,56.34713,313.3864,442.50336,-147.39067,324.52563,431.6723,175.98235,237.1181,538.57306,-304.19028,250.97253,512.9993,278.5455,128.59587,602.268,-267.96677,165.60846,579.3273,89.27819,88.59477,611.0031,-306.94662,133.26695,576.78394,100.02804,85.22239,600.13196,-267.08368,125.40588,585.9175,53.21151,102.50926,598.29834,-250.37448,140.82198,591.43994,70.3971,521.42194,249.01595,-137.15262,515.4512,252.31154,137.53333,641.44354,427.69113,-70.10104,621.78284,425.42914,175.7918,746.1011,587.96967,-13.084994,724.7528,570.1631,293.23087,774.8878,611.2339,-12.662382,753.6327,591.0877,297.59494,683.7754,656.6165,-88.28691,678.20386,637.33264,247.20964
14. downward-dog-pose-as-done-by-a-dog.pngresized.png,220.86327,337.70572,-50.01119,212.8004,341.24026,-68.61722,211.6633,340.4692,-68.65624,210.3872,339.63864,-68.867065,212.7371,340.7417,-38.618748,211.68265,339.81564,-38.660603,210.65567,338.64343,-38.691223,203.21968,328.90665,-122.18522,205.45143,328.14246,18.375452,221.1997,327.10562,-68.915016,221.48012,326.97342,-28.116209,201.42519,291.02814,-149.82971,210.86948,291.79034,60.16275,133.00528,336.58267,-250.88847,141.8237,330.80728,123.92958,66.84777,364.56906,-248.81445,81.749825,360.3128,8.013869,40.549095,369.2327,-281.23703,60.507977,356.49542,8.824266,40.92641,365.20126,-262.92926,54.816845,363.1805,-16.098295,52.579037,364.78067,-243.64513,64.63505,366.75555,-3.6657057,288.1375,166.5676,-92.68777,292.64886,172.74371,92.96697,378.89047,239.17413,-62.255775,379.03687,246.73206,125.534546,458.85315,316.29556,-25.386894,457.48187,315.92535,184.32288,482.28604,329.99097,-25.825577,480.24078,325.94473,187.08287,426.0587,352.53076,-89.886826,428.61948,359.09622,137.05988
14. untitled_design_33.pngresized.png,426.03406,432.10028,6.7899904,441.8093,441.67316,16.721212,443.36847,440.51675,16.916103,444.8238,439.67667,16.774378,443.05826,440.9394,-16.727942,446.24097,439.80588,-16.874664,449.2072,438.52927,-17.01364,456.05527,427.6629,62.993187,463.81464,425.95074,-91.31038,425.2157,416.44583,32.57563,427.47318,416.54062,-11.992369,471.25574,372.02402,144.12402,464.95844,386.17227,-109.71154,517.3842,445.9045,254.25285,521.36224,472.34872,-254.07707,575.3545,496.55746,67.861435,601.2049,546.63513,-208.14104,606.8486,496.0491,88.161,635.2761,559.4527,-244.3566,608.0194,504.00504,45.699684,639.5543,547.0486,-195.08345,591.73334,508.78848,50.752586,623.74005,544.4007,-188.89275,292.0942,212.97533,105.606125,281.73132,218.76437,-105.92213,210.85869,359.87772,196.52332,220.7755,365.26303,2.7025316,145.52142,473.15366,361.12836,129.84146,488.68567,117.52296,123.357414,493.58575,372.3405,106.16689,510.5609,116.825714,200.2428,527.73535,317.75757,193.20886,530.02527,52.51955
16. one-leg-downward-facing-dog-yoga-pose.pngresized.png,562.8402,621.67084,-54.17145,574.59155,622.334,-36.51941,575.95233,620.5691,-36.41202,577.20703,619.0651,-36.59436,574.21875,623.01996,-78.35213,575.81104,622.1346,-78.301674,577.24365,621.1905,-78.50222,582.4715,606.23334,41.78973,581.6603,609.2026,-140.72043,559.4823,610.06433,-19.52142,559.58124,611.15564,-72.56624,551.61176,567.1107,141.28601,578.5982,565.65674,-238.1069,603.31885,629.5974,228.12212,627.2457,635.7263,-464.76132,670.32654,680.4562,46.650402,696.1877,705.49286,-493.72635,688.3237,688.2541,39.050343,713.7397,720.3073,-537.3083,692.22485,690.493,-5.963467,719.5187,712.34064,-504.03595,683.46814,688.64545,22.428978,712.2367,706.90576,-481.80557,402.032,453.8935,115.703995,413.22653,415.16153,-116.21762,300.0428,562.6428,137.42215,300.52457,307.71915,-149.19359,196.72488,644.79504,247.02858,197.69041,201.35878,-74.43575,170.853,659.475,251.45868,189.38385,185.93129,-75.244194,218.08784,677.29193,179.36765,162.105,186.54039,-222.32333
17. screen_shot_2014-03-20_at_2.05.15_pm.pngresized.png,219.84424,228.48279,4.490485,226.20442,233.52106,9.808007,226.9933,233.03317,9.870183,227.72452,232.69067,9.837905,226.58595,233.2935,-6.9975047,228.00421,232.86508,-7.016992,229.3211,232.36754,-7.1231766,233.02708,227.9051,35.229607,236.12283,226.98727,-40.718086,219.96147,221.63324,16.395107,221.00636,221.49202,-5.766884,232.73228,200.73756,69.651634,238.57658,203.81259,-65.44601,258.61972,231.95114,103.97974,266.15836,243.54874,-116.27017,303.4665,255.02841,41.234467,315.32455,267.8033,-90.41366,318.03403,257.2112,41.6893,330.6183,272.97562,-103.9396,320.50385,259.57095,33.05659,331.12802,270.07608,-90.87865,314.9128,261.40527,35.25561,324.9962,268.5034,-84.936775,161.20499,125.32803,54.02507,160.06012,123.0698,-54.005623,128.50098,199.34534,71.10811,129.71559,204.33437,-24.095093,92.494545,260.71896,121.49329,84.75594,272.4764,7.7056317,80.25058,271.184,124.11651,70.863174,283.30585,8.047415,118.55408,286.68616,102.147385,113.53402,298.0517,-20.062466
18. screenshot_20180504-085613-450x800.pngresized.png,238.01599,433.79764,-56.56098,232.24088,431.96173,-80.85227,232.7236,431.4068,-80.65459,232.99268,430.78583,-80.645424,229.4497,430.03955,-54.398537,228.08034,428.5569,-54.421963,226.7917,426.96866,-54.38243,232.43367,418.80997,-132.18433,222.66647,413.80652,-12.736863,242.02055,426.0947,-71.10614,238.97348,424.30994,-36.060886,252.11664,392.11307,-144.83734,228.77286,376.89175,28.016314,208.36359,440.21973,-215.83139,187.83255,417.41074,55.075,156.35323,467.18277,-265.42258,159.51517,453.64175,-9.754658,141.97769,472.434,-303.28842,144.62978,455.1258,-25.20255,138.30373,469.25946,-296.99832,145.03911,457.61673,-43.04373,143.40224,467.51266,-265.54697,152.29211,457.78674,-21.198698,309.44556,288.05066,-56.22344,297.0532,258.19366,56.649742,366.59766,367.71655,-7.3533554,309.6082,168.80605,15.834374,418.41437,436.78622,31.915365,304.0739,97.79306,38.38517,430.2736,439.7052,35.263485,300.82523,92.24641,39.56376,414.56058,470.93964,-14.741874,305.949,63.87802,-30.570723
19. 1-adho-mukha-svanasana.pngresized.png,344.701,363.4692,38.93677,357.71576,373.44153,44.572945,359.07883,372.35034,44.723923,360.34726,371.53494,44.562893,358.71957,373.4109,16.24115,361.51907,372.80212,16.130758,364.14313,372.05594,15.921691,370.59344,362.9631,75.57162,377.11115,364.0663,-56.218376,344.65775,351.39166,58.177696,346.63806,352.01318,19.72543,380.28067,315.59726,146.74268,370.74658,331.71066,-78.94113,416.08185,381.72803,237.1433,411.3244,417.15018,-188.7578,461.95068,432.90567,86.51764,477.31274,481.56287,-137.78093,488.22498,434.41245,97.0925,505.98264,493.39584,-168.19965,489.29086,442.59448,62.361195,509.79395,486.11908,-127.54024,475.26245,445.76694,70.971695,496.7369,483.3039,-121.63357,221.7188,172.46178,97.89621,207.74144,179.19452,-97.9166,159.07138,314.85306,147.71259,157.84541,322.53943,-32.660595,105.273926,425.7292,258.93857,87.41883,452.26227,25.89245,84.90601,446.41837,266.02325,64.322464,475.73608,23.17257,155.877,474.14124,216.54271,152.99655,492.50085,-43.282513
2. screen-shot-2017-09-15-at-17.00.06-1024x585.pngresized.png,362.77713,466.66028,-118.2227,374.2676,471.12714,-101.53319,376.3546,470.25406,-101.48824,378.32312,469.58154,-101.7,372.7267,470.03503,-142.4225,374.23737,468.7427,-142.41167,375.5777,467.3896,-142.59328,387.29736,459.29614,-22.17063,383.93286,456.08975,-201.32538,364.00333,456.26852,-83.636604,363.1301,454.89578,-135.72597,374.0891,416.18347,73.97724,382.03146,414.87192,-261.79575,414.1885,474.49966,181.37852,413.09558,483.8451,-459.9776,470.9586,519.1652,51.396168,468.03976,548.4835,-482.3234,486.64136,525.5519,46.492027,482.15717,558.90765,-515.5019,491.4955,527.6303,13.546914,485.55893,555.90283,-490.50485,483.68192,525.18414,31.698214,479.6975,551.30426,-471.4182,253.69342,314.53296,99.659325,261.76218,282.7089,-100.232635,177.0174,404.7126,125.26976,186.02727,168.8801,-110.508316,94.18764,488.5838,206.9612,124.06628,46.381996,-33.98399,70.43753,504.56195,210.55684,128.16966,28.915506,-31.437515,122.224304,536.22565,159.71577,80.34659,34.388706,-155.871
21. adho-mukha-svanasana.pngresized.png,351.73538,386.01193,-44.885963,361.20654,388.09332,-34.022198,362.21777,386.07166,-33.82115,363.1005,384.3539,-33.953426,361.22067,388.78635,-64.25538,362.96973,387.70502,-64.22954,364.4529,386.47635,-64.46047,366.67386,365.16638,18.86688,366.7185,368.75452,-116.31685,346.60034,369.51898,-19.304169,348.51123,370.11487,-59.162968,351.26874,309.2643,86.40415,346.9019,322.37952,-165.31944,414.10382,390.0641,151.9969,414.93216,400.92853,-309.8305,495.79596,452.54095,1.7637782,497.04117,475.51505,-317.86313,523.69604,453.92465,-8.021246,523.2757,487.61774,-364.38403,525.1117,461.5975,-47.323864,526.8404,480.73648,-334.95654,510.88837,465.1062,-19.31211,516.855,478.10632,-307.9684,205.726,158.46802,111.44413,195.77824,152.02884,-111.43793,130.03687,306.20477,147.32848,130.05385,306.44345,-73.04958,48.578506,450.62396,222.86246,53.61117,457.31378,-44.185135,20.607376,473.66653,225.88081,24.110216,481.288,-46.614162,99.47661,499.69418,159.42795,115.3556,506.68445,-133.1807
22. photo-17-05-2015-18-28-30.pngresized.png,318.13837,472.17944,-13.299947,307.37842,479.19666,-37.486336,305.35394,479.00415,-37.53965,303.2092,478.72983,-37.74669,308.31583,477.5029,-2.5225852,307.18753,476.3565,-2.5492108,306.12076,474.9698,-2.617312,290.09912,469.38837,-103.99979,295.3482,465.05582,56.956554,314.86417,461.7047,-35.233147,316.2553,460.0185,11.433138,284.71176,430.34485,-156.1871,300.60065,429.6594,121.18889,258.5373,495.41287,-268.1058,267.4206,485.89014,188.27232,208.64627,546.70953,-243.58582,229.74866,537.248,47.877106,188.3422,555.5091,-280.029,216.03159,539.7736,45.890472,188.20245,550.4565,-254.27121,209.19043,542.65265,12.423668,197.86324,548.5908,-233.09,215.06122,543.77966,31.568295,405.14877,318.05374,-104.10541,409.23907,323.552,104.44754,464.92072,433.80887,-107.29639,459.29013,438.97903,98.91429,528.97406,532.3615,-115.03606,514.2179,523.9814,135.12717,548.8891,546.3049,-119.704254,532.1885,535.7468,133.71896,493.12088,573.8734,-186.39877,484.02667,568.68225,78.34036
23. george7.pngresized.png,198.45871,216.75818,-73.42731,203.13432,219.28636,-85.18752,206.26752,218.31366,-85.11332,209.26381,217.36133,-85.11916,196.13791,218.66449,-100.944466,194.27776,217.83784,-101.08317,192.20566,216.88574,-101.22058,212.10432,203.21112,-111.36971,187.04637,204.35721,-187.09955,199.54514,205.28865,-75.69271,191.57256,206.38928,-97.72917,228.65236,170.01576,-91.07491,161.19017,160.5271,-229.59816,249.72585,231.10214,-86.46812,154.5716,231.27188,-337.90845,284.02838,292.5994,-173.75241,187.39066,301.73117,-461.91287,298.49475,303.999,-200.46875,189.48848,316.9666,-523.9018,293.8249,303.54544,-230.43544,203.6652,306.91882,-523.19836,282.5094,300.39426,-191.1815,206.35556,302.73938,-468.46396,165.6605,58.740486,50.595066,126.56073,53.966415,-50.324104,151.14903,152.47195,171.21432,102.783585,147.02371,67.885635,127.60851,222.46925,363.10794,85.32367,221.84909,267.78787,117.79644,233.7248,381.21243,80.20416,231.90718,283.39407,145.00128,251.02757,315.40854,98.6511,257.8947,200.38997
24. dsc_1007-resized-600.jpgresized.png,337.05872,462.7002,-11.748057,348.10104,472.51422,0.1436818,348.5693,472.0115,0.2904437,348.90796,471.7843,0.18629727,351.512,471.01236,-28.578306,354.99277,469.84412,-28.54519,358.2974,468.51962,-28.762308,358.6893,461.64328,66.11163,371.58322,457.34695,-61.467125,335.7628,450.44073,17.149931,341.0891,448.57254,-20.183996,358.44073,405.98557,128.44917,373.41412,414.1604,-93.05881,401.70743,457.07602,189.15234,429.38483,488.86456,-183.04619,469.09714,498.69226,74.668884,517.47656,536.769,-150.05069,492.57626,501.8055,66.552155,546.6719,549.9247,-178.31506,496.4705,508.17596,49.983395,547.50104,544.7139,-157.21558,486.5141,510.77643,62.59059,535.10925,540.9159,-143.02129,241.81926,251.78926,94.14223,239.23116,245.49481,-94.20045,169.49466,398.1045,112.86375,167.7079,404.8257,-44.25087,92.025536,507.0344,198.81387,70.17259,534.758,-2.8137782,69.11446,521.99677,203.34941,43.59548,551.9266,-1.9156345,125.183525,562.2669,156.63193,111.341896,591.4994,-64.1395
25. 11.pngresized.png,269.7436,304.9762,-27.352568,279.6799,304.47595,-21.0662,280.17993,303.56348,-20.94487,280.61246,302.80972,-21.052584,279.84988,303.75357,-38.99525,280.96967,302.26968,-39.045387,281.99854,300.7451,-39.143036,283.6963,293.03525,12.635293,285.65652,289.99408,-66.837555,265.94702,297.65872,-12.285248,266.68558,296.37662,-35.49817,264.1935,266.78958,47.477367,271.48996,264.37143,-90.2585,302.4368,301.27234,84.22946,305.0041,305.83817,-145.83376,343.97156,317.20648,19.754612,355.06583,333.75876,-128.31627,359.7,316.346,22.742088,373.57635,340.07504,-147.73073,361.27194,317.7678,8.584944,373.187,335.69394,-129.39503,354.73932,319.25934,11.683791,365.17435,333.76205,-121.591705,174.58385,193.05576,47.903923,176.61392,186.2526,-47.930424,118.30736,252.34508,59.19736,116.2489,255.72203,-30.700176,64.626465,300.04297,95.67907,51.227505,317.3926,-16.480202,52.1661,307.04587,97.670395,35.56074,325.1623,-17.425905,81.43294,322.44086,72.402405,71.51742,344.47137,-50.95142
28. screen-shot-2017-10-30-at-2.24.06-pm.pngresized.png,559.2382,598.17224,-4.87989,574.2292,604.196,8.864601,575.25055,602.7766,9.112975,576.15106,601.68207,9.042442,575.38715,603.5634,-24.894154,577.9406,602.0198,-25.00203,580.3048,600.3479,-25.221125,582.69293,585.6477,64.79657,588.6588,583.83923,-87.87565,554.85535,582.6673,22.560976,557.53503,581.59515,-21.675257,580.3212,529.6768,146.177,584.12384,536.20294,-127.94639,638.36554,597.9111,251.22305,650.2706,614.8682,-284.94632,704.0822,646.72,62.160213,735.7465,683.8141,-251.65498,731.0189,646.05963,71.40584,766.15564,695.2975,-287.68222,732.61285,652.8254,30.307695,769.22675,685.08325,-243.05872,718.853,655.86646,42.05998,755.8526,683.20703,-235.20006,421.4983,366.71582,115.579605,416.22748,366.133,-115.69833,322.25858,498.3634,158.80984,318.9996,505.8972,-60.21821,236.25487,607.3878,258.42923,220.34445,635.9106,-7.1971126,210.10654,627.23,263.1364,192.5438,656.67975,-11.507702,288.5629,650.61584,204.77716,279.9502,684.7029,-91.48174
29. adho-mukha-svanasana.pngresized.png,296.87195,404.76242,5.418342,286.34488,410.84396,-14.882823,284.36023,409.9771,-14.969864,282.25473,409.066,-15.105473,287.09937,411.11948,15.5849695,286.00363,410.82346,15.57714,284.91302,410.30716,15.55624,270.3546,398.07678,-67.32535,275.16525,400.6988,68.46372,295.17853,391.73514,-11.747949,296.05975,392.49518,27.325275,265.3563,353.47363,-110.68901,290.60748,361.8833,107.875015,207.11281,421.09552,-192.56932,225.3479,415.20377,161.50769,143.48463,469.87283,-164.24133,166.49452,463.90265,92.06927,123.34825,480.49484,-188.71138,149.07848,465.99475,87.470985,125.78163,477.0235,-177.75105,142.04677,470.72495,71.97452,135.55089,474.42722,-160.67598,149.09344,472.09396,82.85717,364.56967,220.78688,-89.482506,376.48517,237.49464,90.06039,459.40958,335.05838,-89.09167,456.8288,348.45316,60.30136,543.1405,445.78357,-120.94785,545.48285,451.23056,47.729076,569.83386,457.88373,-126.20729,572.2373,460.33603,42.672527,511.13,498.63187,-183.16713,517.6481,511.1951,-1.814968
3. downward-facing-dog-pose-567x567.pngresized.png,222.62735,336.53052,-62.329594,209.90955,334.94067,-84.946396,208.57909,333.17374,-84.94025,207.20903,331.30545,-85.16319,210.67499,334.66486,-46.191513,210.1546,333.1348,-46.22038,209.81316,331.40128,-46.275257,203.21931,313.89026,-142.85368,207.52106,315.06696,34.75011,227.41187,323.77078,-81.94663,228.51953,323.96664,-30.44102,226.17014,277.14243,-185.79565,235.71135,283.42746,102.59451,171.86473,337.71426,-336.86163,180.3026,326.92325,184.3999,100.832,390.80176,-371.42084,123.420456,357.47543,57.99401,75.520355,395.128,-414.3394,106.42002,353.19043,63.44542,76.58154,390.93115,-385.95233,99.576706,353.82486,30.45214,87.52077,391.0951,-361.60754,106.720604,357.17456,43.075165,355.6127,185.30269,-106.48985,355.82593,196.89207,106.77802,426.2784,291.14606,-101.36783,420.04987,299.1399,129.73962,495.4959,374.2146,-73.77078,483.26987,378.00443,183.113,515.57874,387.461,-75.97506,502.61917,391.71103,184.36975,462.29642,413.246,-147.19414,452.58658,418.1416,139.40517
32. 1473984207.pngresized.png,225.07076,246.55873,3.3858194,233.08742,251.90726,8.513522,234.46175,251.16292,8.558388,235.78769,250.57646,8.460281,232.79617,251.9817,-13.121944,234.48254,251.48538,-13.129465,236.0558,250.92378,-13.261657,245.581,245.15393,38.83307,246.8762,245.2324,-59.280983,228.12015,239.12685,18.620167,228.45595,239.5438,-10.27887,257.1714,214.36664,86.92529,253.91791,222.92769,-88.20026,283.4805,263.9051,127.88007,281.08316,275.29147,-155.02292,315.1831,301.84238,32.826942,318.39426,314.62387,-121.63309,328.56522,304.87637,31.672941,333.22815,322.35873,-139.06482,331.86728,308.077,13.300725,335.26602,319.2917,-116.0224,325.97168,309.43915,23.491425,329.49268,317.41736,-111.30925,161.90201,129.73721,68.910774,154.93336,128.95284,-68.80659,116.02673,211.8683,78.97613,112.965515,221.3074,-35.765385,66.323586,270.30225,139.96385,48.670296,294.04654,-4.180147,52.037346,280.80185,143.50597,31.929388,304.26752,-4.0775084,95.86474,299.6018,122.79293,79.70798,326.16837,-32.19801
32. down_dog_orthocarolina_winston.pngresized.png,183.65002,300.66217,25.364279,173.9607,305.09988,7.419775,172.68576,304.5768,7.4166236,171.26361,303.9793,7.2020574,173.71236,303.87604,32.5102,172.37715,302.82184,32.41178,171.11903,301.51587,32.355247,161.61446,294.0381,-50.218452,163.15378,291.13116,66.07365,183.38094,290.44864,7.1753864,183.08563,289.76572,40.637993,158.11035,258.8035,-75.351685,170.14848,254.80513,96.03146,116.89457,323.36563,-172.65106,129.89734,301.06714,165.50642,55.14194,374.58517,-145.96564,85.528755,340.50888,57.36287,31.910732,382.3833,-165.50595,67.8506,338.07104,68.22941,30.827368,376.23907,-141.8719,62.399017,344.00504,40.49946,41.672638,374.9073,-134.93465,71.732796,347.39575,47.72154,282.05392,134.15677,-77.017204,282.87866,138.91644,77.24724,356.5113,239.07948,-57.925053,353.492,240.03577,97.34444,445.3966,329.9934,-38.716072,433.25043,319.0889,157.1559,469.01312,344.90048,-39.333645,455.6088,329.42285,158.97516,407.9911,368.69815,-73.81909,404.64874,363.31653,136.74593
33. screenshot_2015-02-10-12-04-46.pngresized.png,265.22107,297.06198,-43.45856,269.54642,300.4372,-48.664635,271.74374,299.52914,-48.600517,273.85403,298.70956,-48.69887,264.9094,300.6886,-62.189953,263.96436,300.4782,-62.17719,262.8448,300.1947,-62.17098,276.6516,289.7346,-58.500286,261.1275,293.62988,-122.35903,265.89227,289.08517,-41.588123,260.9801,290.80106,-60.17908,294.55594,259.54123,-31.10928,240.8633,267.7569,-149.82869,325.8693,307.1452,-23.366997,252.34167,325.12524,-226.08543,358.89056,345.1417,-87.61061,301.84604,363.81088,-307.01413,369.36215,350.97272,-103.47234,308.40732,374.12177,-350.91254,367.49777,350.31967,-127.27094,314.49213,363.7126,-346.29004,358.66708,349.9339,-100.26494,314.22604,359.3767,-309.72055,209.87437,184.4829,54.082905,178.26962,188.23654,-53.863976,204.30568,266.3332,124.33252,166.2007,279.3346,19.260403,185.82277,332.02823,243.44666,143.71956,351.23157,126.18268,177.13982,343.18884,254.17815,136.86783,361.39725,134.23767,201.5939,352.67697,217.83955,157.63766,377.09753,85.27233
35. 068155f5a8d0310c34a6ed06cb089294.pngresized.png,246.6416,323.81354,15.04196,254.72688,333.01215,22.752338,255.8297,332.20267,22.829346,256.7866,331.62607,22.683474,255.81537,333.6456,-4.006076,258.39453,333.5174,-4.027883,260.81305,333.26538,-4.259565,266.95148,324.99036,64.24927,272.54514,326.89014,-54.859898,248.75601,313.07706,33.653114,251.44131,313.8026,-1.5649987,259.9487,280.601,103.38043,286.26425,286.15936,-100.971375,305.1263,333.89227,148.08986,336.08865,349.47864,-183.35631,388.54956,371.60614,51.178226,415.48422,393.1026,-157.4489,411.25122,373.43915,40.89763,439.08878,403.15152,-179.22522,418.1269,377.57764,30.71087,437.19656,400.32913,-163.7309,409.9964,380.39456,40.60664,426.92343,397.04916,-150.87025,178.44485,154.22305,84.88859,185.31769,146.88098,-84.59885,117.41634,251.00064,76.74949,106.68713,263.2318,-63.658916,40.06263,357.7629,96.71058,19.129667,381.6742,-62.10193,14.754125,373.3763,95.56975,-7.322809,397.77884,-63.80685,77.23866,409.3216,56.205296,59.34145,434.2348,-119.44004
36. downward-facing-dog-800x490.pngresized.png,334.4115,511.8455,27.351538,316.91077,516.08673,-4.240024,314.9833,514.7566,-4.22958,312.83673,513.3023,-4.552803,316.82828,514.64606,39.686935,315.03134,512.9327,39.596775,313.3696,510.8219,39.41041,300.94748,494.40256,-98.73583,304.31583,492.0824,102.81495,337.45877,494.80597,-1.5868819,337.42642,494.6123,56.34713,313.3864,442.50336,-147.39067,324.52563,431.6723,175.98235,237.1181,538.57306,-304.19028,250.97253,512.9993,278.5455,128.59587,602.268,-267.96677,165.60846,579.3273,89.27819,88.59477,611.0031,-306.94662,133.26695,576.78394,100.02804,85.22239,600.13196,-267.08368,125.40588,585.9175,53.21151,102.50926,598.29834,-250.37448,140.82198,591.43994,70.3971,521.42194,249.01595,-137.15262,515.4512,252.31154,137.53333,641.44354,427.69113,-70.10104,621.78284,425.42914,175.7918,746.1011,587.96967,-13.084994,724.7528,570.1631,293.23087,774.8878,611.2339,-12.662382,753.6327,591.0877,297.59494,683.7754,656.6165,-88.28691,678.20386,637.33264,247.20964
39. screen-shot-2019-01-02-at-5.02.56-pm.pngresized.png,177.26878,244.56433,-30.347017,172.50548,249.80136,-43.476097,171.61209,249.52777,-43.474297,170.6104,249.19092,-43.645348,171.88234,249.64574,-24.407192,170.586,249.44113,-24.388838,169.33842,249.02336,-24.401548,161.4232,243.69559,-82.923676,160.32999,243.64694,5.4908953,174.22716,236.75175,-43.56994,173.50107,236.72931,-17.984388,147.5966,214.40605,-99.12634,151.67943,216.87468,30.08326,111.798836,259.23672,-161.0406,111.99088,256.47253,68.478874,67.52671,301.46103,-146.27374,77.311066,295.83463,-4.876665,51.78808,310.49304,-163.81113,63.549522,298.37207,-4.366814,51.311996,308.26813,-152.03584,61.04688,303.65698,-20.717213,57.86226,306.07977,-141.58034,67.3457,304.45822,-12.346077,217.99153,119.08526,-58.743107,217.5883,126.96994,58.979816,265.0363,197.19997,-36.38095,259.42422,206.58205,72.50999,309.60162,279.40182,-14.547496,300.1564,275.89355,110.91297,324.44168,294.00818,-15.150915,312.45264,287.05756,112.02208,278.06363,307.80377,-55.911686,277.70193,305.84262,82.72555
39. untitled10.pngresized.png,590.6449,559.61835,-39.701046,609.4148,555.6339,-26.150263,610.92255,553.52563,-25.826069,612.31067,551.8147,-26.035597,607.90826,554.2093,-65.18423,609.28375,551.20355,-65.166214,610.3785,548.07324,-65.46249,614.5548,531.35114,53.483704,611.7702,526.2757,-117.46753,579.37415,546.6868,-4.0319247,578.70636,544.3407,-54.20595,560.51245,474.47806,161.93263,570.3335,485.04007,-202.52956,642.04584,592.5629,227.81343,654.22577,601.79517,-345.8524,736.23895,661.2131,63.398796,774.2572,679.5988,-292.15912,769.2035,665.90027,64.271774,815.51184,700.9501,-336.84497,773.8521,669.6435,20.425718,820.63007,688.4999,-292.35294,760.84174,673.1922,41.59733,804.13525,681.44904,-274.83826,305.7618,305.3981,128.29646,302.00302,294.85626,-128.48453,214.88731,494.58047,180.70032,216.47084,503.40283,-73.85947,71.139244,614.8785,337.77283,50.162617,645.96735,35.195934,35.8963,630.506,348.9918,10.730125,660.19226,43.91874,107.32801,665.48267,296.31058,85.04088,707.2966,-11.758907
4. adho-mukha-svanasana-downward-dog-pose.pngresized.png,259.12372,340.62445,25.297575,249.16148,348.5572,4.4154406,246.92949,348.2289,4.3750896,244.54903,347.8563,4.1767435,250.4508,347.85403,34.60814,249.33049,347.26968,34.601177,248.24435,346.4432,34.564774,230.7767,338.71228,-55.328537,236.67548,337.39563,81.54129,255.07536,328.12527,6.399249,256.31345,327.33667,45.85002,220.00908,293.39774,-93.46873,236.47244,293.56287,123.85679,171.53058,350.72742,-196.95972,178.35033,339.72922,189.04283,108.244736,397.22485,-190.03514,123.19225,382.1952,97.59519,85.03808,405.3655,-217.46666,103.79285,382.408,96.32956,85.14112,402.0411,-201.50618,99.18542,388.61993,75.52445,95.36275,400.30417,-183.11504,107.105354,390.5589,87.364426,317.4243,157.50778,-87.88823,322.6659,165.65833,88.177635,389.3122,272.25717,-64.705025,385.55576,278.1977,98.90219,463.07687,380.21158,-48.913967,455.3827,374.81833,129.34274,484.72568,393.11557,-50.594048,476.52298,384.37164,127.07468,433.60638,432.48352,-106.5703,432.54123,431.80536,82.08273
4. downward-facing-dog.pngresized.png,203.99059,348.07703,-37.850143,191.29266,347.8699,-59.800503,190.38368,345.7819,-59.82102,189.39394,343.5384,-60.1655,190.76266,348.89853,-24.542372,189.69379,347.9895,-24.65684,188.7844,346.77972,-24.742,185.70874,326.80038,-126.33974,186.48631,332.23785,34.822834,210.28178,334.83517,-59.010056,210.079,337.23834,-12.375465,208.01945,290.3746,-165.22354,209.14806,289.969,100.65111,157.18172,373.18564,-295.4749,157.19939,356.34302,182.49257,86.41534,439.61127,-271.2597,97.9563,410.62183,24.601835,62.716827,446.1655,-305.76724,75.98308,409.332,35.54474,60.932716,439.33228,-266.7484,70.1858,413.25488,-5.5744295,71.22522,438.77545,-254.7048,81.11834,417.32422,7.451993,378.13367,166.02342,-105.13085,369.95914,173.0751,105.48968,464.05276,296.2048,-54.232887,443.41098,296.45035,153.20058,540.7713,413.99197,2.5606632,512.94104,393.25305,269.90207,564.8225,436.20224,2.4666002,534.03845,410.6257,276.6342,483.0574,454.6092,-67.33258,467.16696,432.59427,232.02919
42. img_1199.pngresized.png,325.431,430.0191,5.5511756,335.28336,438.68643,11.326859,336.6652,437.83472,11.4935,337.91714,437.2251,11.316059,335.8729,438.41107,-16.457716,338.40317,437.7569,-16.40017,340.74994,436.9521,-16.50895,348.47,428.246,47.221237,352.73145,428.22665,-77.05885,327.19885,417.9164,24.924507,329.0509,418.21027,-11.721043,360.81168,373.39038,95.18419,358.8278,388.72247,-97.4899,424.60495,413.74155,159.41226,424.96634,441.5351,-198.83298,504.7347,445.21088,43.76657,514.85034,481.01205,-178.02188,532.2151,445.62338,40.363125,545.2978,490.63257,-201.91704,535.1092,452.7948,20.98889,546.24945,485.56186,-180.24928,522.52625,455.8703,31.704165,533.3981,482.95435,-169.24239,238.86931,231.63075,85.813614,230.88765,234.58403,-85.76266,178.30525,339.3447,137.2626,164.43056,357.09113,-32.582245,122.47925,435.26828,242.75455,96.3776,466.44333,33.40304,103.747185,449.88986,249.13416,76.20569,480.52228,35.662403,158.95345,479.09732,210.33392,139.2398,510.86224,-13.878532
43. down_dog.pngresized.png,276.87714,321.41257,-4.5108476,286.9859,324.5504,4.9080143,287.95538,323.63837,5.056826,288.8258,322.9554,4.9586196,287.14758,323.87534,-17.704556,288.80768,322.63828,-17.702778,290.3007,321.31055,-17.882559,294.37234,311.86752,42.290276,296.21033,309.75305,-56.876717,274.55417,311.63464,12.922683,275.91565,310.39102,-16.375345,285.6808,270.8727,88.37827,291.52722,277.63864,-92.969925,333.3862,326.32657,140.89479,340.6952,337.7034,-177.62477,385.44397,362.00653,35.32133,403.86243,385.69748,-149.72842,404.54828,361.82153,32.780373,425.90894,396.206,-170.3148,405.99045,366.65225,11.52894,427.4552,391.53693,-146.20302,397.1801,369.41757,23.262123,418.30472,389.3631,-140.41637,188.87437,154.11684,75.17559,186.82425,151.7036,-75.06245,128.63857,255.3061,86.77865,128.12628,260.9223,-45.38631,66.444595,344.4829,134.02275,57.44,363.6093,-28.801596,46.533424,359.28586,135.73035,34.90048,379.8956,-30.529612,102.30515,380.8403,103.679405,101.656944,398.42694,-75.95365
43. downward-facing-dog-reboot-1.pngresized.png,121.58841,260.79492,28.65727,113.330864,265.37424,14.100419,112.076546,264.8445,14.140044,110.75903,264.22864,13.940692,113.72961,264.9808,32.32262,112.90639,264.4515,32.190006,112.19105,263.75195,32.138306,102.53114,257.1199,-29.393463,105.38807,257.17444,55.417133,120.709435,253.28279,15.892001,121.114784,252.87979,40.343876,102.98393,228.70248,-50.82327,107.39239,228.28728,82.23718,82.2579,280.14072,-121.49992,79.44368,263.02017,133.22293,37.749367,312.85666,-93.466354,43.47757,292.8865,48.08951,21.992195,318.94495,-107.03532,29.384336,293.50552,48.64066,19.177322,313.18536,-92.0644,25.783514,297.76724,31.266562,26.47459,312.61426,-86.82981,32.564915,298.79025,39.932365,221.86606,142.18456,-54.48326,218.55261,147.57455,54.584084,288.00458,215.49113,-30.073849,281.36185,217.9084,76.47973,357.24667,279.00003,-14.423794,345.0198,276.30075,132.74428,373.3928,288.39078,-14.544268,360.62762,283.70895,135.43721,340.08917,305.16626,-52.983696,334.33783,303.38797,107.52127
45. 3_alignment_instructions_to_reconsider.pngresized.png,294.28226,474.7304,-31.908857,277.82516,475.19473,-51.480076,275.86075,472.58817,-51.501373,273.69464,469.8423,-51.842815,278.29733,476.9515,-15.458028,276.96597,476.28293,-15.598322,275.81982,475.3006,-15.64538,265.12628,446.51584,-108.04664,269.33047,454.75146,56.403973,298.99072,453.543,-50.299232,300.1829,457.5974,-2.9090335,281.95895,383.78043,-140.20558,301.897,393.64944,115.28376,203.85927,464.57547,-290.6545,233.93098,466.63626,210.42152,97.83172,540.4908,-258.83322,164.74327,535.422,58.29058,60.131134,550.99615,-285.89096,139.88457,535.6625,69.325645,60.761864,545.4996,-255.56831,130.78743,541.48334,33.64646,77.21113,544.0415,-246.33618,143.53061,544.4545,44.074734,464.89478,203.09546,-111.95492,468.74054,220.743,112.337234,590.2382,351.866,-69.517586,578.54865,361.2207,148.77985,703.18,495.71945,-37.23048,686.005,481.69592,238.75789,736.8511,519.5854,-39.0263,716.9237,498.52576,241.89159,644.3117,551.2055,-108.607574,645.1109,541.2815,198.91542
46. yoga7b-754x394.pngresized.png,197.45612,392.5128,94.67943,194.12321,395.26355,90.8231,193.89267,396.13904,90.923325,193.65472,396.97308,90.84053,194.32196,392.82266,95.55386,194.00876,392.10367,95.59084,193.80515,391.38913,95.566284,193.19656,398.77823,66.985405,193.86938,390.78812,91.25559,199.34035,393.26617,87.589165,199.30154,391.059,94.61628,205.45236,400.33878,19.678942,208.49939,383.63483,122.55818,228.31578,424.21762,78.47222,238.07483,412.47098,134.11679,211.91891,426.53625,212.90018,254.50838,433.11383,136.53102,208.00452,431.15903,219.59874,260.94904,441.45447,139.67184,206.13918,428.74918,215.23866,260.10703,435.16632,137.7979,206.32257,424.73752,213.9742,257.56366,433.50018,135.0219,274.01065,384.9361,-39.05856,269.82147,374.78586,39.52778,254.0013,429.1225,-1.9423329,239.6605,408.31335,96.520035,263.20367,435.1741,163.29884,265.13815,420.3472,108.653854,269.27707,433.78445,181.90517,273.23563,419.20563,108.83988,250.40309,452.7128,213.10509,262.2941,437.34845,131.67764
47. downward-facing-dog-520x400.pngresized.png,241.24783,248.49474,-3.8167353,247.9137,247.1264,1.5868607,248.50839,245.9933,1.684382,249.06749,245.01248,1.6094482,247.10318,247.63538,-14.271462,247.44151,246.93585,-14.270085,247.69241,246.19563,-14.362192,249.42747,236.81404,27.049849,247.99843,237.86526,-43.039566,237.37651,242.3606,7.833903,236.82787,242.65158,-12.82714,231.52081,214.01442,66.068756,234.77588,218.80858,-74.138855,260.91727,256.37476,88.917404,264.45242,256.55057,-127.66607,288.76343,281.35376,17.209349,300.87967,285.88644,-111.769295,298.6469,283.4554,17.672142,314.16016,292.74036,-128.70544,300.1129,284.7273,0.57278883,315.23407,289.85846,-111.91231,295.57974,285.33063,8.098477,309.5371,287.57632,-105.582436,151.3513,150.74933,52.511547,149.75584,148.25403,-52.49447,109.55838,215.9321,65.28207,109.58726,219.7452,-46.923798,59.697887,267.6536,94.205284,48.697186,281.0152,-37.319717,46.40811,275.82724,95.4695,31.39013,289.18158,-37.046192,78.599724,285.39246,80.33016,72.80306,301.30478,-57.9623
47. downward-facing-dog.pngresized.png,273.88538,256.63208,-21.392159,281.39493,254.20616,-13.203592,282.0646,252.8972,-13.078756,282.69336,251.76103,-13.141168,280.527,254.36017,-32.4483,280.92816,253.29022,-32.455154,281.20663,252.17001,-32.569046,282.844,240.93307,25.101048,280.7461,241.42831,-59.668457,268.76074,249.16402,-4.4095345,268.1436,249.2245,-29.267725,262.7872,214.67911,72.83964,263.29578,222.436,-97.901184,294.74075,264.0577,106.53158,299.47516,273.19366,-175.23004,331.3082,293.1477,20.308254,346.58273,311.3741,-161.6118,343.80423,294.3283,21.377207,362.00888,319.39398,-185.86429,345.4404,296.41443,-2.0111828,364.4642,313.5298,-165.6842,339.61185,298.2271,8.895617,358.51593,310.87854,-154.07866,164.77853,140.80357,62.716972,161.1355,137.18001,-62.726055,114.3668,217.73047,83.56309,112.10263,219.91048,-47.600334,58.15167,279.24393,135.29562,45.528954,292.4118,-25.484556,41.754814,290.11148,138.04204,25.150496,302.62106,-25.114834,86.13088,296.737,112.98875,78.50915,314.55508,-56.016136
49. adho-mukha-svanasana-768x429.pngresized.png,214.4358,231.29155,2.439325,221.6565,230.82048,8.880011,222.3595,229.58162,8.989774,222.99739,228.50502,8.930756,220.83844,231.0287,-8.750984,221.34561,230.13486,-8.782557,221.74968,229.17496,-8.831407,223.20917,218.45068,35.25867,221.52591,219.59958,-43.01501,210.0939,223.90866,14.900861,209.89198,223.88454,-8.230009,205.35756,190.88095,74.47797,203.5395,198.03462,-71.659096,232.40971,234.23172,111.28309,230.97852,241.39052,-130.5335,267.5788,261.4824,34.08923,268.48477,274.60727,-118.96612,282.40878,262.75708,32.640736,283.14603,281.2321,-142.01788,282.07892,265.2111,13.2791815,285.40002,276.3937,-126.275,274.5153,266.8402,23.360876,279.32147,274.46155,-113.498474,134.30411,111.36159,58.837833,129.04564,111.83992,-58.75543,98.55596,192.02213,59.46106,95.39927,196.4064,-47.89988,51.788666,257.00327,94.14166,45.052525,266.89072,-30.362106,37.47677,267.77145,95.30169,29.540735,278.027,-30.74319,76.90148,281.4641,66.84827,76.46128,291.932,-66.29798
51. screenshot_20180409-154224.pngresized.png,224.0066,327.678,-0.9292246,214.90431,329.82916,-17.153706,214.31932,328.41278,-17.135796,213.63818,326.8917,-17.364334,213.74225,330.4816,5.0280576,212.42711,329.89444,4.957065,211.21394,329.04288,4.9012704,209.34204,315.90552,-69.920555,207.2354,319.06412,33.376816,227.6706,317.47046,-15.983128,226.4079,319.10535,13.723575,217.22871,288.57578,-82.98264,209.53952,281.34506,79.676834,169.18825,348.9678,-169.88379,171.8668,331.57388,160.36812,110.60054,396.9454,-140.81009,123.60472,366.3079,63.876064,91.16225,404.16852,-157.63896,102.745224,363.57767,78.35689,86.48959,395.65668,-131.05063,101.23924,370.5764,48.202362,94.36576,393.5919,-128.09523,112.363815,374.60187,54.041798,336.65717,174.00966,-72.70888,326.08392,173.35652,72.9055,391.49805,276.22913,-39.491985,378.28894,273.3509,112.02068,474.94528,350.8631,8.5988865,449.68152,332.72476,198.53246,496.22305,365.61414,8.700678,468.05222,342.6072,203.68954,438.54788,382.40378,-28.500782,423.15384,366.1684,188.34448
54. bc56388aad161f17b93f5fb21faeddca.pngresized.png,218.23465,359.47208,27.594664,213.19661,360.89456,15.849069,212.97388,360.42,15.99264,212.63957,359.87766,15.971757,211.53322,360.3214,34.893757,210.21399,359.77185,34.808807,208.96146,359.13235,34.78029,209.34947,353.44357,-20.957249,204.18237,352.33154,63.97337,219.82986,353.41483,16.335148,217.93323,353.26324,40.843018,212.53712,332.13007,-48.58368,207.97403,325.34668,107.47009,179.77768,359.2167,-140.00055,184.01381,351.22116,172.59016,143.51169,379.76437,-153.04747,160.21153,371.35776,142.54175,130.47818,383.28583,-171.92633,148.16948,371.36523,145.3602,129.17651,379.7912,-156.13286,146.7534,373.41196,129.82892,134.39377,378.3761,-146.52997,152.45216,374.7779,135.48799,266.40576,262.87213,-46.806503,264.65833,245.67873,46.93355,306.66495,318.97345,22.504107,304.70718,183.02507,44.57038,338.19174,357.17108,89.85215,318.9043,120.97059,60.07679,344.05576,360.02383,96.03723,317.9789,115.092606,59.8517,335.7115,376.99893,72.81153,329.32272,99.81509,15.607177
55. screen+shot+2017-12-13+at+9.12.42+am.pngresized.png,236.7909,269.82944,-12.946338,244.99216,269.79294,-5.0528107,245.57764,268.8603,-4.937569,246.09224,268.09653,-4.998263,244.96689,269.3175,-23.570248,245.92451,268.17294,-23.612152,246.76978,266.9649,-23.722761,248.32317,258.4523,30.281094,249.0403,257.17722,-51.93344,233.26852,262.56168,3.3144138,233.77672,261.8235,-20.73058,235.57088,231.39874,73.774826,237.65616,235.26204,-74.625824,269.4922,268.7735,116.78839,272.08664,275.101,-147.2632,307.4583,291.01978,33.229992,313.54797,309.18463,-136.91498,322.71674,290.54315,36.40246,329.3725,315.40845,-157.65192,323.2573,293.73395,15.231973,330.82117,311.1823,-136.6909,315.8003,295.90662,22.461946,323.95383,309.9827,-128.94926,157.93118,149.84543,58.275078,155.73853,147.77176,-58.317448,113.01224,219.92847,77.21132,113.652466,221.13762,-39.77872,66.67256,279.79263,130.90227,62.934395,287.38727,-11.626318,52.729645,290.51517,133.99185,47.885838,297.61417,-11.863909,92.174614,300.94946,103.734924,92.322914,311.23837,-51.926327
56. dd2.pngresized.png,396.8317,447.98065,-38.71759,411.34302,453.50595,-27.918018,412.6768,452.4532,-27.73321,413.85864,451.66153,-27.873217,411.65533,452.25638,-62.625862,414.0888,450.50577,-62.59807,416.27997,448.64304,-62.75587,423.0268,437.71494,41.260662,425.42892,434.44492,-111.02743,394.39185,435.35477,-6.3926973,396.03564,433.70007,-51.250603,412.48325,381.6156,122.13777,411.06525,392.86044,-146.98903,470.38333,452.05826,180.14583,471.63235,468.57483,-265.35913,539.18787,497.11176,34.05703,556.2614,533.1542,-248.48045,564.6338,499.25314,23.071888,586.0727,547.8168,-285.20636,567.331,505.736,-6.145026,589.35803,544.3992,-257.37704,555.6916,508.8836,14.871463,577.94855,540.23785,-238.63327,287.27365,218.53085,106.03885,280.6194,213.99815,-105.92166,210.40646,353.23676,127.24203,209.95753,359.2675,-77.40674,112.84519,465.42368,210.37405,109.23294,472.3323,-32.74718,85.57735,480.98535,214.70863,80.72585,486.76852,-31.429096,147.48221,519.49286,163.47476,147.81824,527.46643,-98.48634
59. 1511793208433233.pngresized.png,369.94516,428.2543,-8.163836,377.26755,434.6264,3.6787684,376.5321,434.58948,3.7958076,375.74203,434.7527,3.707901,381.48724,432.56946,-18.38021,384.12155,431.2862,-18.30788,386.65472,429.8688,-18.527876,379.25,424.89105,74.19119,393.23557,418.59842,-27.28377,365.0727,418.34186,20.206501,370.96982,415.3144,-9.005498,365.51816,373.60715,144.65552,385.18808,377.74005,-64.11389,394.5504,419.40387,234.74979,429.594,440.6153,-89.16081,448.1526,448.68933,265.58865,471.81885,457.60944,31.539461,463.4591,453.9487,270.96014,485.13373,464.80075,29.040178,465.62027,455.21466,267.1967,484.32416,459.22403,42.583633,459.16055,454.03302,261.34296,478.15982,455.80844,38.222073,242.10414,254.15279,83.083115,242.23338,243.61676,-83.39557,189.99507,369.71576,93.35619,189.90591,383.05746,-78.53532,91.6266,424.9507,155.36606,75.02512,450.53464,-29.698193,71.27561,424.66858,158.43668,50.712345,446.61334,-22.456715,92.75075,461.17853,124.036415,79.69811,503.77853,-52.816635
60. adho-mukha-svanasana-downward-dog.pngresized.png,385.0821,369.66537,-60.03614,402.8557,368.59238,-53.08927,405.93588,366.39667,-52.95875,408.9398,364.44925,-53.12356,398.43265,368.06152,-92.98704,398.9649,365.82364,-93.039055,399.27432,363.47815,-93.1063,418.3081,345.0341,1.6318389,404.74075,344.40143,-175.36223,382.5614,354.77643,-31.828579,378.03763,354.95947,-83.220116,401.69116,288.8507,85.89965,379.57333,309.13678,-247.49115,449.3552,371.43646,162.275,432.73343,403.42804,-399.18405,515.5734,427.15088,-2.9921238,518.0811,460.11636,-386.09662,537.0967,432.2939,-15.948396,541.8575,469.2281,-442.26547,539.8976,433.87314,-57.732246,547.5759,456.2037,-415.13406,530.1338,436.0611,-25.875929,540.1274,451.77292,-375.1635,203.35727,178.00201,120.023,185.58716,176.68843,-120.21933,135.37354,308.3019,208.5664,122.26659,323.2903,-3.369351,66.552505,405.16275,374.13266,34.398113,430.19916,144.4741,46.068604,418.78964,386.4197,8.723402,439.19888,154.70169,108.87978,440.3733,327.31705,77.54607,478.31995,92.620674
62. dog-base.pngresized.png,144.51929,173.30603,-20.313976,150.61903,175.8868,-26.403135,153.3684,174.94756,-26.394682,155.99802,174.05284,-26.429678,145.35515,176.4788,-41.48992,144.36363,176.33969,-41.542732,143.20517,176.13676,-41.58276,160.56508,165.31673,-39.043594,142.24501,169.94385,-109.58034,146.22542,165.41632,-19.50195,140.03925,167.41534,-39.596653,173.38374,140.22092,-16.276123,125.90107,147.72827,-145.57559,197.78738,184.57623,6.853151,132.59665,205.39813,-235.928,227.06093,215.6314,-56.919456,171.59538,249.96167,-322.35352,235.75156,218.17082,-69.45932,175.32379,259.56494,-364.17352,234.46542,217.74284,-92.98422,183.00883,250.73566,-359.47177,227.17673,218.60373,-68.590996,184.17699,247.17018,-324.48108,102.51351,63.863983,47.789223,75.75644,67.14332,-47.562603,105.53368,131.60919,154.04718,71.90591,141.05075,53.287186,92.94688,180.08733,304.8178,62.132225,192.52048,202.8274,85.853546,188.26482,319.26376,57.289707,198.79845,215.31714,111.293915,197.85829,278.38046,75.24462,218.27791,160.49025
63. downward-facing-dog-yoga-pose-2.pngresized.png,283.18933,495.59116,-32.508278,263.77713,499.95917,-63.75793,262.01886,498.24933,-63.748074,260.06387,496.31635,-64.13303,263.30853,499.17392,-23.75222,261.42505,497.66,-23.944271,259.7997,495.74628,-24.031181,248.44022,473.83414,-149.28795,250.36739,475.1385,35.456375,287.77194,476.35956,-60.129375,287.49527,477.19046,-6.879349,268.68338,405.39066,-182.97108,287.4325,416.18552,90.7457,197.06836,530.8985,-325.33517,214.06601,515.5906,176.62213,99.50476,628.8462,-277.31143,135.73273,612.3885,19.269293,67.23862,647.18915,-312.00992,107.97815,619.9282,26.121178,64.91695,639.41345,-277.37646,96.96002,625.43945,-13.176027,78.89309,636.78186,-264.64484,109.700584,626.07324,1.6069686,526.0231,204.90909,-121.294975,520.40875,228.66519,121.861176,635.3377,397.10394,-66.451935,608.98535,412.56992,173.13077,741.9775,587.96375,-9.013062,710.94104,559.2339,300.69794,777.3439,621.7947,-8.767552,741.075,581.2462,307.2966,661.3345,645.92773,-86.02912,658.0742,617.5477,260.39337
67. downward-facing-dog-adho-mukha-svanasana.pngresized.png,200.81519,338.748,-3.2593048,188.63991,335.71597,-24.087639,187.77847,334.01816,-24.114622,186.75717,332.23392,-24.33386,188.77174,335.01428,7.8648763,188.09912,333.2852,7.741399,187.58064,331.2882,7.667579,183.05713,314.1791,-85.36711,185.9259,314.20224,60.20276,206.6365,326.8355,-23.004335,206.80046,327.17938,18.818886,201.64436,279.40656,-101.16864,214.80159,277.79434,98.83681,143.85606,350.1687,-204.22786,160.84242,335.66815,173.58632,74.46126,404.3622,-176.87201,105.55867,380.50766,67.21081,48.81871,411.33856,-199.74875,84.62932,377.5618,78.88527,47.310223,404.30917,-172.0005,77.98929,382.19614,47.472,58.53737,403.9389,-165.30632,88.89108,386.64218,55.152817,341.4673,142.80325,-85.98574,340.2936,150.15512,86.32463,410.1411,260.67358,-47.41385,401.19733,269.02136,116.06957,474.26587,372.26917,-5.74151,465.09238,363.446,207.29155,496.41537,395.06793,-6.7263694,484.27756,379.44315,212.68805,416.1249,406.3072,-65.85692,421.4168,400.451,179.11316
68. 1*c9pnvdemkeprdlicwzowoa.pngresized.png,208.91615,228.94804,-1.5668341,216.88086,231.61821,4.6008854,218.13293,230.83165,4.687824,219.33453,230.18701,4.593312,216.11476,231.48006,-15.102412,217.19208,230.74985,-15.089081,218.16042,229.96646,-15.1647215,225.87794,222.91153,32.24115,224.42722,222.72993,-55.134758,209.47456,221.76093,12.561005,209.11649,221.74864,-13.087824,227.96465,193.0737,74.904396,223.25992,202.28517,-84.765305,255.15993,230.76422,116.52811,251.24113,241.36087,-156.60594,289.41022,255.14862,36.34662,289.72498,274.47253,-136.43279,301.12036,255.2417,36.188335,302.5302,280.43954,-154.27252,303.48398,257.5162,17.329714,304.85123,276.49512,-134.97928,297.85995,259.46198,26.57521,299.87515,274.8786,-128.0206,142.71709,115.060356,62.048206,137.43228,115.99125,-62.038025,99.64221,185.61899,84.25432,101.69915,190.27124,-28.141756,56.84809,244.50674,146.02107,53.15289,252.75276,20.597837,44.017548,254.46,149.83052,38.272247,261.25766,22.357304,83.147995,267.41827,124.82989,82.425156,276.7825,-7.6069546
7. 23-downward-facing-dog.pngresized.png,576.9562,551.8859,-42.728226,589.3567,548.93805,-20.01099,590.0528,546.9214,-19.895079,590.6084,545.1852,-19.997272,589.3547,548.4725,-59.73222,590.60394,546.39856,-59.74861,591.71484,544.19104,-59.900185,588.2293,527.088,52.747753,590.4781,526.3173,-124.29832,566.7264,539.4317,-13.303244,567.6784,538.0947,-63.842155,562.02966,490.24734,130.00862,558.1864,495.61578,-184.9755,630.35364,553.2091,241.03003,626.41724,561.7119,-335.99734,701.11725,578.76715,92.440346,717.6973,614.0484,-316.6508,726.7255,573.4344,101.47711,747.26556,621.32935,-354.0536,731.6153,575.29565,71.2073,749.38184,611.35175,-316.56656,719.06384,579.8949,76.861626,737.19324,609.4751,-304.69968,419.14566,365.7671,125.54483,416.22552,365.56598,-125.60082,299.2619,469.06693,178.55501,291.11823,470.80643,-79.875404,187.75981,562.48334,271.22922,177.53325,578.82556,-28.850079,160.13094,579.4201,275.21106,149.24683,599.53845,-31.968529,218.84871,605.453,202.12016,208.80692,625.902,-132.18898
7. downward-facing-dog-yoga-pose-adjustment-adho-mukha-svanasana.pngresized.png,201.34483,292.40152,-4.5342565,206.03043,297.12372,2.4979787,206.3759,296.7921,2.5508401,206.64493,296.60178,2.4803917,207.70863,296.6805,-14.172406,209.57214,296.22687,-14.149557,211.34146,295.7039,-14.253905,213.17795,291.62726,38.401554,219.56021,290.4807,-35.8013,202.30504,285.69913,11.073459,204.86703,285.34854,-10.593884,215.1009,263.9108,67.742836,227.29433,266.2874,-56.46332,238.73064,291.81293,94.932076,259.34622,299.90714,-109.98615,278.21292,310.40073,36.214603,308.47894,319.62982,-94.88269,289.5697,311.32812,31.955004,323.5901,324.1091,-108.262596,292.90237,313.62,24.211897,322.56424,322.8891,-98.338356,288.29468,314.9334,29.918493,316.32028,321.47208,-91.056435,163.36739,188.73567,50.532814,165.39554,183.8684,-50.496082,126.722725,251.4019,61.309895,127.69197,254.94264,-41.532536,83.563705,311.65323,87.03993,82.66295,318.63007,-34.471718,70.98924,319.52924,87.66022,68.368195,325.71036,-34.64633,101.23593,338.57675,60.759132,104.39595,349.19528,-67.5351
72. 5%20-%20downward%20dog_shutterstock_ss.pngresized.png,256.42416,399.64957,-16.168808,244.5725,407.1074,-41.131195,242.91971,406.25937,-41.113216,241.11908,405.28033,-41.371807,243.6141,406.92245,-6.536673,241.3627,406.17862,-6.561605,239.21068,405.09396,-6.7114363,226.75012,393.40128,-123.73672,226.19237,394.24097,34.336395,254.58159,385.48788,-43.18357,253.53745,385.79514,2.5613537,218.52731,343.02863,-159.55551,225.64554,346.60925,80.57987,167.19252,425.58234,-265.45322,175.95198,412.03885,161.27373,95.35854,486.85873,-225.74068,119.76237,466.8425,22.789309,69.4905,496.23825,-251.88875,96.25335,467.99142,27.31088,66.93026,490.1806,-225.3957,90.37844,473.9059,-6.3156357,78.225555,488.37247,-212.86179,101.319405,476.55493,7.7631516,370.3298,193.90369,-99.81463,367.3632,202.75256,100.12146,456.54163,313.59348,-19.665854,450.88483,325.99835,149.7224,524.2047,425.3053,59.80294,524.79254,425.65222,262.0927,544.7919,442.74295,62.56053,543.33215,440.56058,267.21613,475.87646,475.4368,13.059154,491.14694,472.46716,230.63931
72. ff-4.pngresized.png,287.80728,411.94336,-8.133256,274.70175,417.12354,-34.54206,272.91614,416.4099,-34.56556,270.98004,415.60092,-34.813984,275.0395,415.5751,3.6048687,273.65753,414.12833,3.5299578,272.36798,412.35938,3.3943615,258.58774,401.58444,-111.0398,262.74622,398.76044,63.514744,287.44336,398.7134,-33.009018,287.89606,397.44955,17.58422,259.99655,354.078,-149.70955,272.76447,353.29507,122.18884,209.68703,430.80963,-271.38852,216.94247,415.60724,202.1631,134.8554,484.39276,-238.93431,154.90874,467.1358,49.19401,106.06756,492.4943,-273.79697,131.9454,466.96448,48.658844,103.78342,485.2875,-245.82867,124.513794,472.2604,12.803034,116.47907,483.7343,-227.42674,135.32135,475.22748,32.373955,410.73862,204.62352,-110.16463,410.30072,212.60732,110.45481,499.7974,333.20935,-69.323425,491.48883,340.7226,129.06606,584.07245,441.47394,-24.60555,572.48224,437.56912,216.02957,606.541,457.01993,-23.912802,593.3766,450.35583,219.35089,543.2827,492.44043,-88.859955,542.9223,489.16806,168.69516
73. d0c097f5131a546a004be3f0045aa074.pngresized.png,315.29968,521.5741,-24.371733,295.59314,529.7719,-58.875835,292.9825,528.38995,-58.911785,290.11353,526.8747,-59.276928,296.1931,528.85596,-10.12485,294.28046,527.4724,-10.154632,292.5193,525.65106,-10.24481,274.4997,505.6788,-150.17332,279.87604,505.35754,70.25801,317.11667,499.0785,-53.565044,317.84302,499.1638,9.700991,283.55927,427.18286,-213.55386,313.09744,432.3246,149.28078,203.46056,547.996,-375.1955,214.39304,525.9545,242.55502,95.425804,631.43915,-319.55185,120.52994,611.24567,59.6978,57.28315,648.4686,-358.0357,88.6126,614.72577,54.94357,55.12411,639.8172,-331.1938,77.871155,623.94293,17.268412,72.23316,636.4134,-307.8494,91.439514,626.5743,40.099514,475.95245,193.40414,-150.18394,484.542,212.5764,150.73898,603.4127,374.77444,-86.73004,599.72327,394.27905,181.08461,714.6991,556.2551,-34.861538,716.98016,552.6343,272.74927,751.70807,582.88104,-36.1934,750.9086,572.9463,273.49402,643.8568,635.1562,-124.47979,668.5673,635.1298,209.72997
76. tri-pada-adho-mukha-svanasana1.pngresized.png,502.0408,458.10318,-48.494728,513.69946,462.2837,-38.112972,515.0876,461.6214,-38.034374,516.3985,461.19162,-38.274704,512.05945,460.28973,-66.03788,512.81866,458.66803,-66.01544,513.427,456.99747,-66.095116,517.3729,455.01053,12.471982,514.8153,448.1462,-108.51905,496.5191,451.72055,-25.094269,495.43753,449.29153,-61.247536,471.4865,417.54245,96.377365,489.3712,412.8719,-173.1689,504.07172,492.5278,183.84377,518.70557,506.11093,-305.10376,556.8542,534.69763,85.3959,580.8997,566.6115,-316.1629,576.16364,543.6212,84.292015,600.7166,581.7234,-353.39734,578.0377,544.79724,56.090748,605.77124,573.52673,-334.4606,569.1932,542.8902,68.1088,596.4856,567.39764,-308.68994,325.4547,326.1209,77.65623,327.28235,296.42657,-77.99754,264.27875,427.50125,114.35588,194.63132,227.93422,-82.008095,190.4495,519.6677,197.83551,86.25711,152.90105,-23.291086,170.01509,536.3624,202.18207,83.202065,138.81403,-21.276793,218.12604,560.2041,168.31519,42.61646,153.84099,-120.13476
8. benefits-of-downward-dog_orig.pngresized.png,278.391,286.8877,-103.176735,276.7204,292.02383,-112.16624,276.71436,291.8497,-111.960915,276.66656,291.81354,-111.95134,277.1665,290.88467,-107.228,277.7896,290.19955,-107.24442,278.30374,289.47818,-107.28605,281.14148,287.86227,-126.456825,284.32635,283.7684,-99.50171,282.8177,279.21545,-106.13141,283.59238,279.47095,-98.11395,306.7701,266.71658,-143.40208,307.26785,262.24084,-71.73077,360.94077,311.2489,-174.06685,345.39606,309.6993,-41.03219,384.99664,343.26535,-213.23578,377.62747,341.14954,-15.643278,391.7792,347.46744,-236.3298,382.05997,351.3478,-20.193033,388.99408,350.55386,-232.30644,385.33185,350.5966,-21.639168,386.95337,349.85986,-214.83275,384.61902,346.4911,-18.252436,243.57475,180.10703,-31.320032,241.4815,181.65746,31.54764,147.91429,188.53122,-45.427406,162.64993,190.26506,51.12025,129.27794,283.07742,12.529388,127.76846,269.12503,123.08681,135.6254,299.96982,20.68508,130.01851,284.98346,129.80212,105.55792,298.56787,-0.5105137,96.46747,286.5709,106.07288
80. down-dog-in-stowe-vt-blog-1.pngresized.png,122.965866,226.37021,-4.142804,119.12064,226.1065,-12.712951,119.03806,225.48384,-12.709995,118.920074,224.80992,-12.816112,118.37617,226.14578,0.4863153,117.82009,225.68907,0.45882666,117.309525,225.13344,0.42964453,118.040054,219.73666,-37.817368,116.50028,220.50092,21.791763,125.47701,222.83978,-12.112063,124.666084,223.1098,5.10401,125.96048,208.95264,-59.87193,124.20141,205.40968,51.52663,110.20914,237.92668,-108.38483,107.23559,230.1654,78.048294,84.33526,258.88165,-96.2654,89.41102,249.86192,19.749123,74.77846,261.84714,-111.79009,81.44037,250.22954,22.077253,73.22144,258.3822,-98.40728,79.90494,251.47908,6.1050196,77.3821,257.8409,-90.91988,83.86976,252.68831,12.564001,181.95245,157.37332,-43.17528,179.33072,156.6328,43.359608,216.09192,203.78734,-30.401316,211.39793,200.63242,51.89687,251.03197,242.31447,-14.228986,243.10599,235.86705,88.32306,260.19736,248.82076,-14.717885,251.91931,241.67236,89.78502,235.61546,258.3622,-46.545265,229.17328,251.32195,64.05986
81. untitled1.pngresized.png,192.53252,235.38376,-4.309796,200.67046,239.32175,2.7140975,201.76604,238.90878,2.8208039,202.78345,238.65495,2.753002,200.63272,238.35924,-16.87844,202.05756,237.48793,-16.888351,203.36815,236.53645,-16.980793,209.63507,231.51768,32.505108,210.64928,228.65988,-53.313457,192.90523,227.7145,10.168597,193.47002,226.59383,-14.942606,212.50713,200.20963,68.19506,210.65279,205.42932,-70.87695,241.80986,234.28384,106.672,246.45456,244.67747,-137.81154,281.75568,256.9944,24.423056,295.88562,277.97067,-119.1177,296.22543,257.60825,24.880611,313.07672,284.63892,-134.00905,297.85602,261.51123,8.928907,314.72034,281.2867,-116.25914,290.7215,263.46927,15.37079,307.96506,279.29544,-111.99795,139.57516,111.66092,56.59537,135.71696,110.65348,-56.664593,88.20545,183.13736,78.88233,91.832085,186.62325,-26.787193,36.953297,246.29863,133.5542,35.713078,251.63596,12.211712,22.184137,255.88611,136.56392,18.650986,260.84183,12.819622,59.75368,275.92236,109.17664,66.58855,278.62122,-20.326864
85. adhomukhasavanasana-buildup.pngresized.png,172.68858,290.62265,-13.090219,166.0992,295.27313,-28.781006,165.44331,294.54828,-28.799517,164.75075,293.71252,-29.030575,164.89523,295.44736,-9.134079,163.53102,295.0836,-9.146701,162.24338,294.52072,-9.195762,158.50536,287.4333,-77.66784,156.34872,288.7738,12.772184,173.60068,283.06195,-28.291037,172.39763,283.50192,-1.9437681,158.10635,259.336,-110.9256,159.06502,259.37152,56.365913,123.125595,319.4694,-184.00104,118.923935,302.73758,100.51845,73.65755,362.01074,-160.93237,78.28365,340.69843,12.400664,58.225235,368.67807,-186.02974,62.81624,341.37695,20.282976,55.882782,364.08862,-163.32133,59.96164,344.90228,-2.7116504,63.18331,362.61496,-151.37662,66.73863,346.60693,2.7668948,272.8392,168.04059,-70.932915,268.36624,174.4133,71.20926,337.1484,259.98,-62.421204,327.2911,259.8954,86.557724,419.71014,326.3806,-45.094894,399.34604,316.54956,134.82071,439.38065,335.87314,-46.115154,416.3972,324.11688,136.62065,400.41632,359.07394,-91.14317,387.3384,348.37958,107.04326
88. adho-mukha-svanasana-pies-z-glowacca8-w-dol-840x400.pngresized.png,259.64365,351.9526,9.805848,250.0095,358.50012,-11.554727,248.55829,357.89255,-11.569751,246.93532,357.20456,-11.830209,249.51207,357.98578,17.058388,247.80424,357.30505,17.00822,246.18251,356.32196,16.938509,234.45221,346.67584,-77.57152,234.92719,346.4057,52.957478,257.49597,339.78683,-10.998959,256.9415,339.6099,26.650265,226.59769,303.26932,-110.78296,234.01566,304.37598,93.54625,188.12712,378.20108,-208.05954,193.41025,367.62253,157.9621,130.5129,446.86984,-175.42508,150.4948,425.5922,51.71048,109.04727,459.5563,-199.75748,131.47292,428.96335,55.86801,107.069435,455.10202,-176.2916,126.696304,435.13675,26.90526,116.19535,451.95822,-165.10152,136.38405,436.217,39.299458,349.10782,153.07454,-87.61105,346.17178,161.61671,87.92989,424.70602,283.11615,-39.209084,410.81662,287.42844,118.91782,496.81927,406.1152,-6.1866317,479.05475,391.4936,190.2215,519.918,425.22552,-6.7590046,499.54556,406.60538,193.0861,450.6124,458.28497,-60.602512,443.3381,440.66324,154.74666
89. downward-facing-dog-yoga-pose.pngresized.png,482.1623,528.3421,5.357302,496.57675,531.0208,12.493064,497.52112,528.6604,12.730002,498.31018,526.6249,12.513898,496.8216,531.12195,-19.39591,498.90927,529.25214,-19.450678,500.7522,527.2172,-19.549236,500.62228,505.18536,58.048527,503.8147,506.937,-83.66936,474.28812,511.37323,29.023605,476.70172,510.96548,-12.910422,476.7511,436.10956,123.3902,470.14188,456.11353,-116.76295,553.3922,528.49615,192.71451,540.22034,546.8292,-222.56265,641.2302,588.9611,52.394737,633.0417,621.62305,-201.82852,677.535,589.5605,50.65818,669.1064,638.98785,-243.16441,676.27814,597.8985,16.04798,673.03186,631.5475,-210.78072,658.3918,602.20746,33.500134,658.66034,625.6626,-190.54825,328.62946,250.10979,101.28441,317.64688,253.94507,-101.18686,248.7659,430.0878,123.62355,256.0741,432.13596,-54.511497,151.46916,571.7943,206.897,155.07281,573.38257,-14.808024,124.4556,590.42914,211.06017,126.856064,593.76843,-15.541159,190.44801,642.09625,156.55841,208.32109,632.8902,-84.16353
91. screen-shot-2016-04-11-at-2.41.39-pm.pngresized.png,178.04565,251.8546,-14.499255,176.9448,261.77032,-38.942734,180.49776,261.79626,-38.935352,183.74535,261.59756,-39.142124,167.41666,261.6356,-34.58635,163.83018,262.03687,-34.560402,160.31036,262.27448,-34.56877,188.68163,252.5312,-122.04477,156.34187,254.60602,-106.60376,189.303,241.62804,-41.796577,178.66756,243.61784,-39.883617,229.66779,202.89713,-186.95392,152.18187,189.62085,-67.86759,222.44325,309.2258,-186.27422,100.18796,274.2787,-93.04241,202.41647,393.7668,-222.81691,52.643894,363.73764,-120.33686,212.78119,416.62558,-265.2793,32.666733,378.38748,-146.53181,191.14047,414.02576,-277.1352,36.681343,383.04248,-177.85692,185.98756,406.04517,-235.05281,52.86139,379.7326,-137.5174,302.1656,66.234116,-56.183006,253.45341,65.83962,56.456932,335.8353,195.0702,73.46126,250.55515,175.77382,117.897446,380.33713,306.44363,170.06915,272.6304,255.02866,262.3495,395.6623,322.84595,170.73383,289.51892,267.93256,267.7216,355.54837,349.08344,73.30855,244.61044,297.46823,178.06665
92. down-dog.pngresized.png,159.98558,233.82037,-13.639435,161.68312,241.22665,-38.689983,164.52911,241.58441,-38.68711,167.11295,241.85938,-38.759834,154.1454,239.89069,-31.367897,151.52272,239.64166,-31.361525,148.92647,239.30666,-31.410107,169.1712,235.49852,-108.72902,144.86472,232.59454,-77.66948,166.2919,226.66086,-35.360996,158.06628,226.38414,-28.374586,187.99425,194.64113,-157.88072,132.43732,187.49008,-46.21417,192.8264,236.2441,-187.85416,102.9208,236.53725,-62.73814,164.9078,279.09354,-251.51588,63.128967,290.66742,-96.952255,166.00008,289.6631,-287.4687,47.84116,297.5294,-117.0561,152.06993,290.7756,-295.35825,49.803234,301.2704,-143.02525,152.28658,287.52725,-259.38327,61.559727,299.2794,-110.50345,224.49101,87.916245,-48.220917,189.81947,89.06063,48.362373,271.09598,170.46063,33.69529,203.61255,170.37828,91.438736,313.39944,238.96156,116.604034,224.14693,221.25198,211.88815,322.47205,244.42119,118.54208,232.17319,227.23875,216.43147,307.78064,273.0875,32.59222,221.86755,247.97581,135.80435
94. dog.pngresized.png,417.0775,521.8976,8.22313,410.30777,537.4009,-30.959484,409.67004,536.3431,-30.832048,408.70844,535.1543,-31.292097,404.4979,540.1585,12.688567,399.43613,541.152,12.704195,394.36432,541.62823,12.537389,391.59482,525.48193,-160.55782,374.49817,534.94916,44.13667,413.11505,503.55228,-35.14244,406.79346,507.0037,24.348667,364.69086,454.38602,-258.75522,326.0341,455.07373,108.08202,266.78433,543.398,-516.6737,238.20988,535.60175,201.82834,144.69614,618.12134,-575.7627,133.18213,610.63837,25.23267,99.21311,631.1715,-646.5459,88.24177,611.2467,20.270601,95.94857,624.2834,-609.49005,85.351036,625.37006,-31.618061,111.89917,622.38226,-565.9644,107.16181,629.6508,1.0117774,492.4897,180.08197,-165.2018,464.47968,178.97652,165.7912,606.4671,382.3765,-38.86366,583.56793,391.76984,281.4417,733.8189,572.2612,129.64734,707.95856,568.9048,476.73245,763.9095,605.9703,139.0782,741.2497,599.2105,488.64062,686.82574,649.2513,11.69102,667.47076,651.72144,379.487
95. downward-facing-dog-pose.pngresized.png,541.7927,557.9738,-4.471802,560.7279,568.21423,8.9329,563.2263,566.594,9.168886,565.5915,565.34204,8.857928,560.7354,567.64764,-37.281693,564.10333,566.2883,-37.2375,567.1618,564.70276,-37.573616,580.76013,550.2421,98.8545,583.88226,550.1507,-108.902916,540.3948,540.138,40.73175,541.2485,540.9243,-19.912502,588.59924,465.93347,226.16159,572.9397,503.8967,-174.22615,661.57916,578.33545,325.4832,654.25525,611.63367,-346.53275,754.4502,646.62994,107.99054,771.52924,700.89014,-293.12216,789.3234,646.4973,111.81011,812.1416,726.244,-340.98926,795.6177,657.07074,58.151524,822.77246,712.6264,-285.88638,778.2109,664.10284,85.07712,805.7618,704.96405,-271.01242,328.82608,239.44016,158.96155,312.56284,245.0114,-159.19963,214.76758,441.59488,308.39383,231.45078,446.10498,-25.29002,94.95941,588.11237,555.7533,92.32108,594.3919,170.81465,57.071552,606.60236,574.56506,51.23889,609.32855,184.54832,157.10495,660.886,514.8707,162.88599,660.8748,127.15069
95. screen-shot-2018-06-03-at-10-46-24-pm.pngresized.png,285.90646,261.0804,107.20446,289.25003,262.51123,117.68834,289.04617,261.56424,117.704506,288.83685,260.75616,117.56331,291.42828,263.5743,102.225395,292.92023,263.55145,102.18716,294.35782,263.42664,102.054405,290.87256,255.58664,152.95665,299.1947,257.9758,84.20856,284.218,254.84102,120.0653,286.81076,255.89574,99.92965,276.24786,232.30125,161.32173,306.7701,243.24495,40.441837,289.58725,249.95108,227.47836,329.74164,276.49402,-35.103756,317.1216,264.73233,281.15714,357.9316,296.87967,-65.436104,324.3969,266.3991,292.78122,367.6823,302.9744,-76.56639,326.29733,268.7958,292.9683,367.8606,301.06152,-69.85891,324.4181,269.28967,280.6992,362.18646,298.35245,-63.626263,223.5923,179.36304,44.648403,234.77666,179.0553,-44.446228,186.37048,244.41296,46.357685,191.41585,247.1504,-38.94375,132.36932,301.0252,32.20042,145.54305,306.88638,-54.364666,120.53006,304.56238,28.623457,133.24538,312.2244,-53.350903,138.77057,328.4603,9.673067,158.3496,333.04837,-66.150215
