1. mountain-pose-567x567.pngresized.png,290.1744,69.761566,-169.22481,295.59637,60.42717,-151.79654,299.77762,60.40081,-151.91689,304.08444,60.302006,-152.0007,283.36768,60.52337,-153.47331,278.74576,60.432983,-153.35678,274.10342,60.414886,-153.43265,308.021,66.48771,-61.818665,266.98645,66.36393,-61.874844,297.47495,81.18111,-135.24883,281.1551,81.048355,-135.57481,330.87866,129.98792,-27.93421,237.89923,128.09866,-12.852958,340.1719,210.96724,-11.781241,221.65329,205.71977,4.4648957,361.69226,282.11517,-68.84773,202.7315,278.72034,-33.187634,372.6047,303.0311,-78.010544,193.24977,300.84497,-25.9684,369.58737,305.49677,-108.15801,195.6004,303.12296,-65.02589,360.74194,299.4706,-80.95919,205.84221,297.82578,-48.693096,314.7336,281.93622,-14.865291,260.39508,283.18658,15.452924,300.19418,395.4309,-3.099016,269.12955,396.90652,36.002766,293.50143,495.43842,111.3264,280.81403,497.89114,162.61629,292.29626,505.43164,114.615364,286.7249,509.67926,167.56743,287.48065,536.8902,15.987574,273.89206,536.0757,67.14356
10. screen-shot-2013-07-19-at-3-47-21-am.pngresized.png,264.83582,59.349808,-56.357903,258.32285,51.085423,-50.372047,257.92383,50.717625,-50.309364,257.6,50.31951,-50.38745,256.46213,52.069885,-72.27812,254.17227,52.305847,-72.26615,251.9047,52.57404,-72.25515,247.30684,54.280804,-5.59358,240.61035,57.433544,-101.804726,262.3556,67.41621,-36.16901,258.65472,68.46487,-63.92489,232.78944,102.86988,71.001465,235.51483,100.45219,-143.00273,230.92323,170.59396,100.84215,242.46907,169.54126,-149.15758,240.70706,220.43646,84.684105,256.80237,229.61433,-140.67648,242.25119,231.88058,90.17413,255.27873,245.11751,-163.41562,246.96916,233.06546,73.24114,263.4389,244.74254,-158.70874,246.8061,229.78117,76.4459,262.40036,240.72264,-138.37143,234.48799,218.99637,70.36629,235.87073,218.45706,-70.153656,232.58282,304.20145,91.9931,237.87132,300.68396,-42.09774,221.00385,385.6996,145.72478,230.91266,385.6204,15.067593,209.5129,399.33536,148.63045,219.80826,400.10144,16.055202,257.32822,404.32037,120.66789,264.34848,406.45496,-32.50785
15. tadasana-mountain-pose.pngresized.png,462.06378,74.85415,-209.49983,447.2979,56.564682,-199.65576,446.3553,56.410744,-199.60419,445.5641,56.225483,-199.68472,445.55435,57.643753,-242.17126,441.4254,58.050175,-242.21486,437.325,58.555733,-242.22278,422.3454,66.27057,-98.37196,412.44888,70.08958,-277.9133,455.09097,93.58122,-167.43184,449.23035,94.457695,-218.85825,392.04767,162.24133,31.206135,398.96558,181.30513,-306.89606,434.20892,269.9803,-13.454722,443.7613,323.6622,-237.00705,482.83627,205.56386,-194.26009,507.7915,241.0628,-109.449974,493.47968,180.71472,-222.16786,531.71783,216.97398,-138.01256,500.34515,170.13608,-231.65915,514.9667,193.75421,-138.92033,494.701,183.26357,-207.9756,505.46948,204.36829,-109.67333,393.237,404.6636,108.45681,404.03555,420.99664,-107.81492,387.29236,577.1491,203.60535,406.30405,599.89777,43.453335,370.7924,727.20056,347.04202,379.53476,762.98145,155.16225,351.92206,752.27045,363.0251,355.57407,793.5742,165.89505,430.85196,758.1844,352.00488,447.89587,788.3942,107.46576
18. 431109_preview.pngresized.png,238.51141,122.2133,-287.06192,244.6602,115.203476,-275.44434,247.47237,115.16432,-275.43658,250.37097,115.102974,-275.43558,237.01074,115.766945,-264.3179,234.6089,115.741875,-264.19916,232.24615,115.85615,-264.22516,258.20074,118.77199,-200.542,234.68535,119.46346,-149.39468,245.86745,129.34938,-260.9381,236.48872,129.62181,-245.82645,280.06,152.8577,-200.68182,219.6431,150.20648,-96.14381,288.5254,100.76845,-289.7466,200.86273,102.625946,-63.69166,293.33405,44.777573,-361.6783,195.77707,52.82716,-80.659096,296.22928,34.84204,-402.19528,195.67552,42.554222,-101.27622,290.92426,29.223715,-394.24185,201.75458,35.630672,-102.73954,288.42953,32.760677,-363.93286,203.85147,38.625366,-86.067245,265.9252,274.8601,-32.202873,227.8826,271.21765,32.475967,268.9635,356.77567,21.828808,227.62221,355.70114,83.49265,271.7781,423.689,160.88126,232.10454,424.04343,197.77272,270.73328,430.7803,166.88501,238.49646,435.29822,205.56581,266.18793,456.26904,52.94344,211.74187,447.26138,110.24147
201506-yjmag-upward-salute-modify.jpgresized.png,224.2048,101.42971,-406.37006,228.59131,96.30822,-387.6995,230.99927,96.346985,-387.75287,233.49083,96.37924,-387.65933,220.81958,97.00389,-388.50992,218.03569,97.164856,-388.39758,215.3096,97.4629,-388.48196,237.19186,102.49185,-284.0092,213.52258,103.729965,-292.45364,229.71362,109.00779,-369.61475,220.14328,109.48116,-371.81134,252.05437,134.91783,-255.42178,198.69838,134.12135,-246.23055,259.1505,76.23492,-305.82852,196.4429,73.03336,-263.03967,240.13628,26.874687,-355.4069,206.40662,27.011095,-268.80396,234.31592,19.102285,-397.70728,211.09604,17.601927,-297.17004,229.71188,13.710448,-387.53647,214.6999,12.881427,-295.22665,231.1703,15.553848,-357.32065,214.22202,14.943396,-271.2831,245.15408,239.32489,-0.2902575,208.46062,238.74045,0.49756953,234.44283,324.81622,53.815353,213.95013,325.81607,21.906828,236.00223,394.2833,188.92415,212.23875,397.00302,143.0508,233.14983,403.02075,194.02605,212.75104,405.60403,149.93396,239.51146,419.35754,72.44483,216.5882,422.04166,33.866035
21. mountain-pose-yoga-_15.pngresized.png,197.02954,33.28117,-246.2152,201.0545,27.022633,-235.11635,203.96426,27.013882,-235.1321,206.97522,26.936934,-235.08777,191.81668,27.312431,-235.838,188.60439,27.393814,-235.84953,185.39973,27.521025,-235.86601,209.85979,31.636984,-156.55377,180.30193,32.19764,-155.89146,201.95982,42.193356,-216.37958,191.03712,42.33259,-216.12494,231.00763,82.62922,-96.28251,157.06694,83.49031,-91.28604,239.48425,149.89694,-70.927284,148.4799,149.07504,-65.05433,257.75735,203.29686,-118.61884,135.25787,199.09053,-113.57949,265.52737,214.9313,-126.192024,129.22702,211.11783,-118.68684,265.3359,216.09764,-155.93637,130.17358,213.25528,-149.95123,259.21777,213.36696,-130.81293,137.91716,210.089,-126.74429,220.5067,190.1372,-1.0537425,176.9891,192.53918,1.0358927,213.0589,281.43774,-1.1396085,181.64694,280.75848,-9.794923,210.04247,360.63693,93.0988,187.23079,359.53317,82.964066,207.32144,370.80875,95.77364,190.47565,370.03217,86.01312,211.34201,387.38895,-6.772949,183.38242,384.8086,-15.664353
22. tadasana-530x430.pngresized.png,207.32495,56.055874,-248.03857,212.1792,48.189503,-234.77577,215.94635,48.37089,-234.73889,219.79451,48.489727,-234.71078,202.13531,48.03327,-234.41824,198.1356,47.910213,-234.42732,194.13243,47.844635,-234.533,223.90009,55.557434,-157.79213,189.02829,54.417927,-152.53453,214.17288,66.517525,-219.57726,199.70367,66.0313,-218.02547,244.3499,112.93215,-108.55526,166.63033,108.68195,-109.19556,249.79503,181.04341,-73.716835,160.23999,177.77357,-87.35588,255.29607,235.97177,-115.46128,153.43365,232.82611,-130.74985,259.198,250.81908,-120.82657,149.97684,248.757,-138.59645,258.23813,251.23021,-145.32695,152.74376,249.9902,-163.92548,253.21426,246.29533,-125.580376,159.13933,244.92384,-141.33302,229.8732,222.89311,-3.8168964,185.39961,222.38275,4.1162953,221.4743,305.51633,13.153565,190.2106,308.3525,9.152108,210.93977,376.50314,129.28717,194.18654,381.54453,133.09349,207.77492,382.85782,136.19157,196.73428,388.86426,139.5655,208.63454,415.4912,52.297577,192.89842,420.0711,49.95221
24. tadasana-pose-yoga-_28.pngresized.png,195.7086,54.96405,-271.2781,201.0566,48.16195,-257.35233,204.36067,48.266674,-257.34656,207.74348,48.310875,-257.2622,192.13905,48.06064,-258.1108,188.91759,47.968643,-258.04236,185.69188,47.93122,-258.13474,213.42468,53.850304,-170.68608,182.98465,53.06295,-171.3894,202.62373,63.585747,-238.87923,190.3534,63.28636,-239.08032,234.18912,99.52584,-98.10396,162.306,99.566086,-121.3524,246.55046,151.98457,-58.0249,154.61649,154.93365,-99.46409,255.70387,201.83165,-136.18079,146.35022,202.34462,-150.09479,261.45935,217.5806,-155.1493,141.95377,216.28903,-160.92723,257.25974,218.9506,-184.93579,145.24045,216.65901,-193.99055,251.85715,214.0763,-149.46901,150.82089,212.62082,-163.66628,222.12396,202.0884,5.496126,181.07884,203.72202,-5.200074,211.79837,278.76733,12.96263,186.59508,287.75256,5.1168513,204.88913,351.16678,114.26211,185.40471,359.62082,124.4644,200.23521,360.3952,117.43863,186.76492,368.20547,128.88412,212.33824,378.2838,18.256144,186.60472,387.8259,24.865675
25. amandamonzonyoga-posebreakdown-tadasana.pngresized.png,205.85211,37.939194,-265.9744,210.20741,32.477074,-251.85419,213.08221,32.48775,-251.88274,216.05371,32.44131,-251.82542,201.48997,32.980957,-251.91406,198.48334,33.23609,-251.87029,195.48015,33.53862,-251.88982,220.3859,38.871433,-168.82675,192.1371,40.197674,-164.85794,211.93086,47.47386,-235.76263,200.94737,47.926235,-234.6724,244.17392,92.37434,-103.4523,171.86998,93.43992,-108.58568,257.1483,150.02835,-71.12403,162.82591,151.61392,-85.91768,268.10605,200.88254,-141.23817,149.44237,202.19872,-135.00996,273.62024,213.15903,-155.56154,143.32512,214.59276,-138.4272,271.6872,215.03008,-185.61374,143.72726,217.24718,-173.58308,266.61127,211.45177,-154.38968,150.75801,213.48885,-149.88272,232.33363,193.4379,-0.7248419,189.93765,194.2125,0.8387218,219.14337,282.68347,-4.2487655,193.76898,286.95404,-11.392932,213.0571,363.9345,82.8456,194.68845,370.38715,71.314964,210.63875,372.6334,83.74274,196.18507,379.31244,72.72219,210.09544,394.1248,-24.751703,195.25146,400.92236,-34.500813
29. mountain-pose-tadasana1.pngresized.png,482.27823,93.23141,-608.5232,495.04727,80.96946,-577.43665,502.83063,81.54538,-577.5904,510.75745,81.93538,-577.404,473.08722,80.791275,-575.77844,465.51266,80.94973,-575.69434,457.88977,81.244514,-575.56775,522.42377,96.225174,-414.31686,451.25992,94.956635,-399.3213,497.78363,118.652374,-550.1789,469.64813,118.03631,-544.7971,580.4296,231.87236,-325.22476,391.3542,231.68695,-330.54056,623.3068,380.68066,-304.84854,351.32245,382.1516,-336.76697,686.9213,499.35666,-344.20135,290.69418,495.27026,-384.25662,710.66974,526.24976,-348.87592,263.9173,523.2404,-387.26996,705.5691,535.911,-409.9699,268.94913,526.95636,-448.42993,691.2656,526.0489,-369.5275,286.58572,517.5037,-410.18005,528.18994,491.5536,-13.96916,428.3774,492.66815,14.663091,508.5868,694.12537,-3.7263782,438.96027,697.2434,-14.03523,505.93335,861.0014,218.31238,455.57745,865.0544,241.38026,506.54645,885.4113,226.9357,465.73233,890.2214,252.49756,490.8678,930.25555,41.598354,444.76416,932.30206,63.529552
33. mountain_pose.pngresized.png,253.25934,59.193985,-252.71115,258.14584,51.699104,-240.38326,261.4142,51.658184,-240.40141,264.81787,51.537315,-240.34053,247.68137,52.00447,-241.8957,244.10976,52.01889,-241.8423,240.5539,52.08749,-241.84988,269.16534,56.247658,-151.37433,235.49069,56.89137,-152.58298,259.2633,69.46714,-218.2937,247.15955,69.61483,-218.80183,296.99866,117.16874,-80.38391,209.20396,116.49966,-95.24189,309.1401,190.57411,-55.48839,198.40489,189.03514,-74.36807,324.50598,257.27127,-139.41797,186.02121,259.95413,-130.37526,332.44382,273.74133,-156.62427,177.189,278.8455,-140.56459,330.624,275.9592,-191.5874,182.74557,282.35803,-177.80957,323.733,271.21808,-154.86086,191.35951,276.46268,-145.64597,285.17725,246.86845,-3.9409165,233.6986,248.46393,4.0698085,277.4892,352.38287,-11.441765,236.28583,357.18622,-8.589937,277.22253,449.81577,75.211235,236.82478,456.22818,80.188095,274.58917,460.8418,75.665886,238.99303,467.02774,81.28866,276.81503,485.03317,-44.291286,238.25983,492.74634,-39.10887
34. pose-focus-series-2.pngresized.png,218.8262,46.132717,-305.83542,222.97142,37.848476,-291.12518,226.33105,37.598793,-291.12534,229.78456,37.271946,-291.04834,213.17418,38.49928,-292.6208,209.48885,38.595123,-292.55655,205.79755,38.742558,-292.52582,233.7553,41.91398,-197.58739,200.89952,43.73354,-200.34033,225.48793,54.488228,-271.05594,212.49318,55.09751,-271.82355,255.36502,91.08638,-131.25778,180.26321,92.08259,-131.87546,265.41055,153.96985,-108.538124,165.32642,152.7762,-114.13459,284.56494,210.15797,-160.20557,144.60365,203.19893,-164.10529,294.02866,222.96036,-166.57094,135.81543,215.56595,-167.37282,292.81726,226.38869,-197.33646,136.53984,217.62997,-199.30318,285.94595,222.81764,-172.99118,144.2329,214.01503,-177.90807,245.78508,199.67905,1.7891676,203.03674,201.92973,-1.6497296,239.45575,284.74588,21.295227,210.03458,287.6291,4.7683673,235.19261,356.0183,132.5804,216.19353,362.0793,122.57828,231.89882,364.04153,137.31693,219.59227,370.4941,127.55483,240.21365,388.3533,39.195644,214.17332,394.58374,25.35503
34. tadasana-suzlyfe-yoga-clinic.pngresized.png,385.60358,194.35182,-184.73334,392.08255,183.93665,-156.29271,397.13232,183.9538,-156.1948,402.34372,183.97864,-156.1958,377.84528,184.28871,-154.03741,372.86432,184.27846,-153.94012,367.96036,184.43944,-154.11833,408.66406,192.08925,-28.892435,362.57736,192.92177,-17.401667,395.3794,207.06432,-141.09982,376.48843,207.24678,-137.51184,427.43658,249.58806,-34.511703,340.44238,247.3227,11.732452,453.63696,191.77446,-115.55868,297.64774,162.98665,-59.28486,450.20395,99.819954,-189.84348,307.8645,89.40383,-117.463005,450.73975,67.82131,-245.2987,317.12253,65.73254,-158.87346,446.54428,66.90847,-224.68607,325.16867,63.948643,-148.93352,442.50464,77.780396,-192.87653,324.24963,71.23117,-123.22817,408.8514,420.28326,-19.40193,351.87302,420.37613,19.775225,400.09244,564.6033,-19.627754,355.02316,561.0785,-2.1406922,397.39075,680.0799,103.10782,358.08463,675.01105,113.757614,394.97403,689.663,106.63944,364.69357,685.7069,115.493454,389.704,731.7366,-54.234936,352.6163,725.8129,-39.650127
35. holli-tadasana-px-connection1.pngresized.png,143.40977,42.085224,-179.28314,146.78662,36.521233,-168.34334,149.3142,36.33484,-168.32816,151.89047,36.121273,-168.29956,140.0686,37.138725,-166.80676,137.60115,37.312695,-166.77397,135.11786,37.54291,-166.77142,156.09158,40.350548,-106.86174,133.44885,41.917374,-98.03015,149.27144,48.08124,-157.0198,139.7578,48.75604,-154.29048,172.76857,75.22897,-63.592224,122.91353,77.72511,-54.307384,178.7986,117.75102,-33.21694,119.75362,121.02496,-31.320864,186.8691,155.48796,-63.832508,112.507645,155.5295,-74.88428,190.89267,165.0869,-69.7676,109.850235,164.89677,-79.20413,191.03555,166.42282,-90.2817,108.0012,165.35925,-101.58596,187.26509,163.37697,-72.50448,112.06489,162.26453,-85.207596,163.9747,152.131,1.7219871,134.65073,151.93964,-1.4934486,160.41087,207.90607,36.60847,133.46002,203.78505,-21.702003,159.58846,244.61954,178.41914,135.50832,250.00443,87.14847,157.34454,247.0621,189.0085,137.86038,254.64438,94.295906,162.06511,270.99222,132.66678,132.43759,275.27023,27.349836
35. tadasana.pngresized.png,275.1469,70.773926,-171.2011,280.7978,62.111122,-156.56561,284.6751,62.185226,-156.56934,288.68222,62.18749,-156.5279,269.37878,62.086224,-158.27281,265.22153,61.997547,-158.24277,261.06006,61.950405,-158.30127,292.82938,68.40787,-71.36103,255.21263,67.93465,-76.64813,281.98242,82.08065,-139.32085,267.19806,81.84545,-141.09978,316.30103,131.38968,-24.024931,226.67879,128.67232,-46.029243,327.1795,208.47205,-0.13679293,216.01688,204.3294,-33.609188,338.36963,279.69858,-75.25278,211.23778,280.27863,-76.70551,344.81873,301.01492,-91.08418,205.29202,303.18686,-83.44402,340.06903,301.92035,-120.79077,211.92668,305.29944,-115.15216,333.4443,294.84576,-87.94893,219.15372,298.13107,-89.18405,303.4915,267.6905,4.855242,249.20229,267.3193,-4.446073,297.00525,381.9182,-13.372535,253.2897,381.13998,-25.083544,292.88336,488.4061,65.78714,251.55652,485.42505,58.97535,288.64157,499.92853,66.13264,252.23364,497.39502,59.099674,293.19067,527.91473,-47.72423,257.53735,522.93555,-58.765533
37. amandamonzonyoga-posebreakdown-tadasana.pngresized.png,214.93335,49.182404,-264.34378,219.31116,43.565475,-249.23718,222.23775,43.613182,-249.25342,225.25887,43.6005,-249.19974,210.65111,43.905224,-249.28293,207.58817,44.064735,-249.22545,204.51758,44.27451,-249.25853,229.42311,50.056473,-164.08142,201.04953,50.81761,-159.9827,220.9917,58.52926,-233.52005,209.72096,58.767475,-232.47388,252.30763,101.645424,-102.51933,180.75267,102.481186,-104.469666,266.03964,158.92603,-72.770485,170.8135,161.6093,-83.895386,278.5116,211.55829,-143.39838,158.40169,212.31944,-135.43327,284.32767,225.17549,-157.8232,153.11617,225.57008,-138.84244,282.07437,226.9342,-187.06276,153.16045,227.92876,-173.33112,276.92722,222.86516,-155.99748,159.92822,223.88101,-149.76395,242.79144,205.1836,-0.80113566,200.39038,205.9182,1.0103774,231.9858,292.17816,-5.0560284,203.78198,295.80286,-0.70942277,225.0296,371.60138,92.62519,204.09238,375.13345,101.408775,221.89236,379.89746,94.964676,206.12201,383.43164,104.61071,224.43884,402.8984,-12.754438,204.01784,406.78934,-1.7366004
39. tadasana.pngresized.png,252.2439,44.900684,-62.73034,245.89966,36.30947,-58.12651,245.49303,36.04902,-58.060818,245.19374,35.75032,-58.113934,244.05591,37.050648,-80.1258,241.74672,37.09457,-80.12479,239.44252,37.17081,-80.11285,234.22469,39.44042,-17.939526,227.12982,41.682823,-115.00449,248.79619,53.4035,-44.72278,245.12183,53.98423,-72.91116,222.7174,89.38524,42.835514,213.3918,89.02877,-147.04945,218.8186,158.78891,71.956856,212.38385,160.24808,-148.06851,227.09,214.564,53.754177,223.2352,220.10483,-130.57309,228.41669,226.60158,52.186115,221.53308,234.07596,-148.58566,232.5811,228.13287,36.79353,228.29956,233.78362,-148.76027,231.21524,224.90448,45.88016,227.68187,230.00134,-130.00302,216.21727,210.8873,66.135284,210.94307,213.01396,-65.85983,213.15068,300.877,87.72685,212.61617,299.69174,-40.00236,207.41068,381.08102,123.607185,203.73647,387.6693,-4.476073,197.16226,393.8615,124.12548,190.29254,401.19852,-5.433426,242.9031,403.951,89.01094,243.97408,413.98267,-57.265278
42. 7355857042b6d400ee70a7034c3d8599.pngresized.png,518.64386,278.45923,-305.5469,527.565,260.39563,-271.01453,534.98315,260.33694,-270.86777,542.4912,260.33975,-270.73782,506.53143,260.15048,-277.127,498.63647,259.3502,-276.95053,490.88342,258.79398,-277.08456,549.7176,268.4649,-105.319595,479.8204,266.9245,-127.2627,532.67755,295.0451,-246.60338,503.98944,293.9301,-252.98982,571.7035,333.58237,-86.53453,457.3659,331.05786,-54.65175,581.20074,230.44199,-156.83961,450.63647,205.5361,-117.12653,531.7201,128.71191,-186.63257,492.24988,122.08618,-145.46959,517.05383,102.6991,-235.76405,504.85654,100.382965,-178.32993,514.98926,101.86212,-201.0088,510.89117,104.57617,-156.92355,517.0437,109.992645,-183.97075,509.41937,109.55823,-145.83177,551.0885,547.35974,-29.451492,474.68732,546.0242,29.840544,532.2616,712.14557,-37.6185,471.67014,719.1599,28.63121,528.612,856.71277,55.71228,486.77963,863.4232,159.17601,525.0727,871.37756,53.796448,502.4945,877.1343,159.72548,529.70746,919.4256,-120.77646,462.50952,931.70605,-1.3628216
46. cc1cd99b15ffe3279e6df98cb71eafd7.pngresized.png,485.10803,255.69466,-535.69,489.59497,245.84758,-516.986,493.93036,245.84514,-516.9721,498.43738,245.71675,-516.83057,475.00714,246.51552,-522.4439,469.6463,246.81851,-522.4178,464.34198,247.181,-522.3595,499.583,254.8755,-373.68402,453.17276,256.75775,-390.61047,491.2372,270.98798,-480.21054,473.60355,271.5388,-485.32806,531.37506,336.65247,-225.63724,413.7701,342.77982,-256.3434,560.4836,429.5567,-150.99432,391.12167,445.54132,-212.37706,593.7079,516.3976,-234.3404,362.6804,531.959,-271.88345,608.2581,533.78845,-248.22003,348.17947,550.0595,-271.90247,607.6099,540.15643,-304.9763,349.3921,558.8599,-335.5143,597.7942,536.9252,-258.15137,362.86795,554.84,-296.65033,515.08105,492.64322,3.254137,445.0659,497.84595,-3.4710367,503.49933,650.4517,-34.35395,453.4839,651.6373,-29.619162,498.0956,796.1646,88.132,456.72763,789.5181,93.06481,492.03574,815.0382,88.96307,458.90173,807.28937,95.084305,501.06506,839.23346,-80.00441,456.48138,831.3725,-73.74568
46. tadasan.pngresized.png,333.47937,57.836037,-422.03732,339.61078,50.563717,-396.74945,343.87158,51.029186,-396.80417,348.27634,51.389427,-396.7154,325.7057,50.244503,-401.66843,320.7918,50.307236,-401.6062,315.86356,50.436687,-401.63617,351.11786,62.232647,-260.52045,306.8609,60.94837,-277.85452,340.23663,74.13176,-372.7022,322.99655,73.4588,-377.82123,381.24173,146.33594,-166.01718,268.1778,148.08502,-195.89714,407.28778,239.3841,-129.0122,241.9297,245.21425,-185.72711,438.66458,324.9748,-221.9275,213.95343,331.4224,-242.32887,451.68286,343.67093,-241.48781,201.37524,350.52127,-246.87578,449.18414,347.97394,-287.82178,202.59453,355.25,-297.20425,439.92648,343.20074,-243.46762,214.1748,349.95163,-264.08014,369.1495,308.33853,6.117464,301.77322,312.62183,-5.9461303,356.72064,449.76343,-0.5184208,306.75534,455.7433,-16.533373,343.06128,584.3966,138.19998,303.0249,583.99445,127.213905,336.9323,600.9983,139.8693,304.7976,599.5727,129.98602,343.82007,627.9937,-16.93676,302.73425,625.8764,-31.77331
47. 374982_thumb.pngresized.png,221.14093,97.18107,-20.080399,215.39764,91.3509,-16.971773,214.13196,91.311874,-16.889374,212.95381,91.25697,-16.947903,216.46552,91.64937,-36.750824,215.54172,91.65957,-36.72232,214.64946,91.79039,-36.793045,204.66502,95.15107,7.6671968,207.31454,96.38295,-80.769226,217.62152,103.650734,-8.887677,217.73727,103.75345,-33.94107,196.79361,119.51871,43.00479,197.32794,119.8246,-109.56806,194.09116,73.30257,76.90651,197.38686,75.15146,-177.7356,190.51756,31.275951,7.517597,191.43073,31.024837,-194.50175,186.69592,20.910381,-5.2652764,187.8781,20.146704,-216.39531,187.87201,19.486881,-19.80974,187.08006,20.31181,-207.82695,189.27936,23.47722,-3.1720903,187.59097,24.411179,-192.15996,206.80618,221.8709,56.149055,205.23457,222.98477,-56.158257,203.43059,293.37732,76.78523,204.19756,292.107,-37.34931,191.46068,354.06592,109.085594,190.94063,357.5464,-4.4146104,183.20204,362.3386,110.236565,181.89194,366.9883,-4.692643,212.30646,373.6825,76.67224,211.44646,378.79047,-49.002144
49. tadasan-compressor copy.pngresized.png,143.56361,89.505325,-258.74097,147.65625,83.83382,-247.50209,150.25237,84.245735,-247.44373,152.88408,84.694145,-247.4127,140.48773,82.699356,-250.46063,137.62447,82.05037,-250.37703,134.79892,81.50973,-250.34575,154.98132,88.19983,-178.58856,130.39114,84.248985,-193.27623,147.43169,95.3335,-233.27509,137.15752,93.5263,-237.5821,157.24129,104.01381,-161.4792,118.040344,101.13373,-153.93105,166.79652,65.72462,-189.48267,114.769615,59.887486,-182.57092,153.923,29.175772,-195.29866,123.75061,25.316439,-176.8201,150.81866,19.916174,-215.13126,126.58901,14.371599,-190.18758,148.19574,17.18833,-200.18353,127.47328,14.193625,-180.64426,148.87306,20.33188,-193.75687,126.98921,17.03352,-175.72838,150.89449,165.38156,-2.125256,126.11514,164.87494,2.188213,149.5987,191.22359,-42.69404,124.17024,199.64258,-30.98096,147.18063,207.43698,87.06378,124.44114,208.9582,121.90111,146.70494,208.1906,98.756226,124.40164,208.97717,135.15097,143.93611,217.28185,55.496273,126.66531,218.44633,105.05899
49. tadasan-compressor.pngresized.png,152.01701,93.737625,-225.80585,155.87689,88.41337,-215.85797,158.24304,88.34647,-215.82335,160.61484,88.29916,-215.8293,149.5526,88.81133,-215.67531,147.30026,88.79365,-215.56802,145.11525,88.90432,-215.54767,164.78828,91.19265,-155.1419,143.70676,92.03154,-154.07066,157.46103,98.0797,-203.62105,148.46495,98.315605,-203.08832,173.09787,108.72333,-134.99579,138.5397,109.13039,-141.38971,180.89973,64.98518,-182.80342,142.20178,70.566605,-186.53444,171.12157,24.872124,-194.82004,152.39294,27.743767,-186.32391,169.02934,14.574552,-217.37703,156.24164,16.472906,-199.97453,165.95453,13.520009,-204.84152,155.90671,15.64485,-193.76247,166.82433,17.056135,-194.59978,155.06874,18.716124,-185.9557,165.48993,174.94254,0.5642144,144.94904,172.67094,-0.51797605,160.24603,163.93626,-86.42065,140.73045,159.54219,-50.34595,158.20934,165.00298,-15.312327,142.14003,159.08092,35.587498,158.16138,162.88652,-9.786697,142.6059,156.32191,41.80149,154.58228,168.65498,-50.139084,144.0828,164.65623,18.76045
53. mountain-pose-tadasana.pngresized.png,164.76753,35.649857,-36.24306,168.64384,28.794937,-27.576225,171.22804,28.46572,-27.577051,173.85243,28.098764,-27.58856,161.36987,29.564203,-26.130026,158.86754,29.680912,-26.15809,156.34401,29.83519,-26.259588,178.70935,30.179504,32.595093,154.333,32.140972,38.707043,170.55241,41.31829,-13.401428,161.3236,42.126472,-11.83867,197.29594,65.00341,65.36442,139.4703,66.066574,75.13709,211.77403,107.74674,10.011148,119.54119,109.39184,17.335121,174.02133,85.42998,-73.266014,143.48932,91.88602,-81.564674,162.46422,81.27212,-92.14181,152.6786,89.53065,-99.006004,161.40288,74.643036,-80.044754,152.61403,80.9769,-93.525,163.75856,76.54767,-69.1988,151.6418,82.86943,-79.74527,185.31253,157.57256,0.41612494,151.08829,157.40532,-0.18584691,179.13748,230.74353,-5.3993187,156.9871,231.4568,-9.547923,176.18587,295.07288,69.14661,162.55597,298.58984,57.012867,173.12756,303.0658,72.13246,164.30914,306.18274,59.04959,180.59145,315.9962,0.83996695,164.22682,322.63446,-13.485819
56. sarah-herrington-essential-yoga-mountain-pose.pngresized.png,262.4189,45.282856,-323.1149,268.0878,36.793602,-303.97903,272.0972,36.676777,-304.00687,276.2343,36.491848,-303.95114,256.55634,37.421577,-303.965,252.39548,37.61585,-303.87842,248.22295,37.89109,-303.92758,282.52628,43.790825,-192.78113,243.91957,45.341972,-185.51753,271.06528,56.718884,-282.32474,255.71764,57.262238,-280.3051,313.8586,112.53902,-113.64371,215.74089,110.94862,-119.70213,321.7623,190.08754,-68.728386,207.8634,190.53975,-86.19607,327.56134,258.52243,-157.85323,196.80965,259.12317,-149.87158,332.4911,278.10834,-175.05736,191.44244,278.78058,-154.82132,329.2609,279.68314,-213.52225,193.29698,280.84595,-196.76212,322.77734,272.80603,-173.9237,201.45152,274.56207,-166.8478,293.42163,255.52238,-3.716489,236.38857,254.80138,3.977773,280.21796,365.2993,7.351032,242.43274,368.3384,16.47771,269.9823,462.01498,153.6744,248.39742,468.06088,173.65402,264.57822,472.70444,159.901,253.08307,479.4739,180.8631,275.9346,502.83676,29.895313,242.6483,509.7255,47.79411
58. 408816_thumb.pngresized.png,271.6769,131.80577,-394.10062,276.438,124.08032,-374.0635,280.0377,123.947296,-374.11557,283.75616,123.817375,-374.08,265.73373,125.085655,-373.83987,261.8544,125.39661,-373.70242,258.0743,125.880936,-373.84412,288.85184,130.50024,-264.7576,253.79979,132.87886,-262.11798,279.16425,140.71536,-354.95963,265.39972,141.75674,-353.74887,307.40784,169.03206,-261.11792,239.60403,170.58289,-237.77092,304.60068,98.75498,-328.72208,239.45393,105.16737,-270.46252,289.0921,44.673782,-387.46066,254.12566,43.639317,-302.63943,284.6573,32.860336,-440.13898,261.42126,29.793032,-344.67056,280.23734,28.312973,-424.58887,265.48767,24.607185,-342.50345,279.62073,31.54481,-389.35403,264.79584,27.727715,-307.95236,297.0267,301.14304,-10.537841,250.88165,298.86847,10.920808,292.14462,398.51822,59.462696,254.02019,389.9796,69.94892,291.6855,466.32468,240.73613,258.97934,458.92133,235.59337,286.98993,474.30817,252.63571,262.99808,466.25745,247.25536,301.56836,496.44308,136.2752,259.27502,490.17725,130.98611
59. 0db3cd0a265956d10cc79a52e144718d.pngresized.png,271.77887,46.224373,-160.3884,277.0615,37.30089,-146.77089,281.37332,36.830074,-146.79594,285.8276,36.28882,-146.78206,265.06506,39.0828,-145.84344,260.7644,39.781273,-145.8319,256.4686,40.535065,-145.9782,293.48602,44.24015,-72.13551,253.23239,49.416973,-63.27578,282.24097,57.90753,-132.85822,266.0083,60.04385,-130.3181,327.61893,115.655685,-24.005127,230.18044,116.849304,-46.68177,337.01688,194.10031,5.33384,218.95564,196.26067,-43.142876,339.7955,265.507,-55.357746,210.85304,271.75778,-74.09493,343.5786,287.03116,-66.556145,205.14534,293.246,-73.79062,339.99194,287.5568,-96.11325,208.09683,297.2232,-106.19591,334.19366,280.24054,-67.79554,216.53842,290.52756,-87.00444,307.38306,265.48672,8.1807,250.30911,264.8793,-7.7439704,297.0471,382.98386,-0.47689942,257.38113,384.49863,-26.548838,288.13455,492.79126,62.75165,262.54224,496.68347,38.79461,280.8757,507.56247,61.086777,264.84558,509.87418,36.466263,305.48065,528.28235,-41.807823,265.85233,535.46173,-74.40372
68. cropped-dreamstime_s_77659811 copy 2.jpgresized.png,134.05473,28.88096,-49.06808,136.21118,24.581347,-42.50919,138.10081,24.581251,-42.50003,140.0544,24.534176,-42.474903,130.70802,24.670961,-45.02886,128.57173,24.672447,-45.02491,126.44166,24.696129,-45.088833,141.58066,27.808296,-1.8424788,122.94308,28.010391,-12.752593,137.37595,34.359196,-33.719685,129.86842,34.43942,-36.88489,153.43044,58.4883,21.297892,110.20263,56.83213,-6.6818967,160.99297,96.04731,31.155396,105.274704,94.122154,-9.621844,171.96033,128.6838,12.727414,99.155754,131.10162,-26.338177,176.10971,137.15688,12.48028,94.840126,140.76454,-26.539522,176.95026,138.21326,-0.66004336,97.11952,142.95724,-41.932903,173.23347,135.81801,6.8636527,101.56195,140.22453,-32.225124,151.29015,124.968994,11.849752,126.66426,125.696655,-11.654805,151.0757,182.12503,9.792312,131.8355,183.3744,-23.624216,147.36095,233.92822,34.82431,134.04361,239.21439,-12.496379,142.2949,241.31178,34.52278,133.27728,246.05106,-14.726839,161.86267,251.81482,-3.328324,141.21306,259.62384,-62.899002
68. cropped-dreamstime_s_77659811 copy.jpgresized.png,128.80753,26.118446,-111.53239,131.69601,23.279945,-102.813065,133.53693,23.436089,-102.83759,135.43552,23.548248,-102.814766,126.303764,23.312065,-101.658714,124.37387,23.406975,-101.658615,122.440155,23.51867,-101.70009,137.58888,28.020706,-62.555717,119.9868,27.822617,-53.301003,132.16936,32.303185,-97.153824,125.01042,32.237785,-94.41239,150.23534,59.520622,-52.161938,108.00336,60.15919,-21.499517,161.31197,96.38684,-45.35769,100.270355,94.75008,-8.13647,171.96579,130.74457,-63.25415,87.9106,124.52757,-34.35674,176.85959,138.52779,-67.40383,83.79472,132.38109,-34.24878,173.78554,140.30447,-80.77951,83.91652,133.74321,-51.900562,170.31096,137.93646,-68.43257,88.26018,131.96384,-41.755062,142.7693,121.860115,-17.065626,119.47225,123.28843,17.161198,141.37881,172.40732,-16.564516,122.481125,175.93987,15.758243,141.25427,219.01562,29.950039,128.66214,223.08542,57.772667,143.24167,223.57268,31.29292,133.29323,229.39645,58.91169,132.08888,239.80064,-15.092534,117.70078,240.80371,16.703796
68. cropped-dreamstime_s_77659811.jpgresized.png,151.51607,28.367445,-206.76796,154.50267,23.958435,-197.32005,156.67569,23.842142,-197.32376,158.91609,23.669172,-197.23923,147.95753,24.633,-197.46606,145.66974,24.904097,-197.47209,143.38574,25.206053,-197.4899,162.37837,27.63304,-141.5916,140.93338,29.62196,-138.90102,156.3783,34.866104,-186.31308,148.11653,35.554188,-185.35974,181.45773,63.255608,-101.631775,127.30165,66.83954,-96.65464,196.24603,108.05676,-90.28227,114.215805,111.78521,-88.4865,212.61665,147.01393,-116.689705,96.70957,149.48203,-112.25834,219.52997,154.62085,-121.37608,88.970665,158.32896,-110.73809,218.20438,156.72728,-141.96455,89.99114,158.86261,-133.7769,213.58003,154.85625,-125.34325,95.60979,156.57887,-121.891335,174.4615,139.32516,-5.9089026,143.61185,141.25737,5.9554906,168.51366,205.21967,-5.835322,147.37068,205.74995,3.439077,166.98969,264.6133,45.5614,150.78871,263.61575,61.148186,166.05727,271.32364,45.60291,153.88942,270.71262,62.09804,165.20186,287.15237,-22.231258,145.81715,284.9091,-5.3174195
69. mountain-pose.pngresized.png,223.62088,61.914463,-303.34912,227.4451,54.556282,-289.9814,230.52644,54.307274,-290.00592,233.68909,53.983974,-289.93427,218.10902,55.362972,-291.30585,214.73216,55.592117,-291.25775,211.34877,55.873535,-291.2354,237.64264,58.540054,-204.40579,206.96852,60.992973,-205.3972,229.93648,70.434296,-271.2778,218.19086,71.24191,-271.53287,259.87326,108.99051,-135.02647,185.9172,109.93603,-144.34738,270.2829,173.36429,-120.48113,170.96806,172.27939,-129.40181,291.09583,226.13185,-175.1143,150.61925,221.87161,-174.23407,299.8806,237.61613,-184.75252,140.71634,234.07259,-178.69116,299.96124,239.35316,-215.4479,142.11404,234.84413,-209.72697,293.63416,236.44781,-188.70883,149.83768,231.4549,-187.67375,247.01428,216.23906,1.6739832,204.68683,217.15918,-1.5591706,236.00096,299.78833,16.870636,208.54767,299.00067,4.130717,231.16144,370.83832,118.73117,211.07239,369.20667,125.42261,227.98036,379.6825,121.99656,213.80376,377.79587,130.79843,234.43477,398.52692,24.576927,207.71417,397.1774,33.0846
70. 9ea6e0dbd2c9eb26ccad8ad028a2436e.pngresized.png,378.22128,203.0767,-111.347946,387.29102,200.66049,-111.54737,389.14655,202.38618,-111.26069,391.11526,204.08775,-111.257454,382.59232,197.17558,-95.97288,381.3223,195.8034,-95.87734,380.08057,194.59195,-95.90931,393.81656,211.47168,-94.039375,378.72104,198.17992,-26.176273,377.68073,213.72783,-105.66735,371.3494,208.25792,-85.82611,391.6242,240.38188,-164.68343,351.6389,230.51234,8.665048,377.3641,151.0861,-269.82687,365.60852,144.014,-21.419735,370.40137,72.516106,-279.26758,366.33112,64.4423,-88.25146,371.40234,50.782906,-310.28055,368.16226,43.386578,-105.42607,370.4332,55.114315,-288.74673,370.44305,43.507565,-111.29509,368.20508,61.206463,-276.69638,372.0471,49.95434,-96.711464,378.28506,395.2291,-68.73083,345.6617,391.447,69.04582,375.42062,526.3901,-61.858196,351.77832,512.7293,45.727367,391.75995,631.60297,-39.1988,363.61856,615.1699,80.36089,403.26242,644.0782,-39.32507,374.81104,630.0288,80.260086,369.93533,669.9543,-112.242935,324.3043,648.016,23.36447
79. tadasana-1.pngresized.png,319.1634,184.0234,-78.53348,326.8022,178.43182,-89.39734,328.60574,179.58798,-89.07469,330.53604,180.74503,-89.05638,324.6178,176.06981,-69.87787,324.5448,175.0083,-69.79652,324.4641,174.14702,-69.900055,338.42484,188.77597,-99.5829,329.49332,179.16525,-12.726279,322.60034,195.23438,-81.16107,318.48248,191.44495,-55.83707,349.0633,222.33842,-150.36324,315.84683,218.60979,19.632912,336.72046,131.1232,-262.19092,329.6974,137.95456,6.116971,334.80594,48.349525,-321.87708,328.58612,63.907097,-69.26704,336.20242,29.117445,-354.11676,329.80804,46.927055,-90.21231,333.98492,30.92278,-348.1116,334.1136,45.551105,-101.43819,332.27994,37.81164,-324.7281,335.89984,51.609924,-79.73349,337.95465,386.65204,-70.36184,310.10483,383.55,70.686874,329.58652,517.6547,-56.36906,308.78192,503.34668,61.879627,343.86145,623.4751,-20.223055,313.5436,604.66864,103.505806,355.55292,637.17065,-18.255358,324.25113,619.66235,104.31294,319.1374,660.5138,-74.69184,274.62936,639.07153,61.132088
8. mountain-pose.pngresized.png,266.35364,61.078056,-451.46445,272.35712,50.142166,-436.99786,276.71075,49.826412,-436.997,281.1744,49.426643,-436.83057,260.13843,51.011253,-439.30597,255.72185,51.174366,-439.25378,251.33229,51.395325,-439.2987,287.81277,54.9424,-319.02396,246.90553,56.98021,-325.95178,275.25397,71.59271,-405.16376,259.35315,72.449005,-407.41925,316.03546,116.92725,-199.53204,218.62088,119.8489,-239.5981,327.86807,197.01674,-130.1774,206.9093,200.46738,-205.93124,335.7686,272.1733,-215.84494,202.71498,275.58408,-259.6985,342.50385,292.64993,-238.21034,196.97546,296.42535,-274.50348,336.96027,295.05945,-279.09863,203.82397,298.3609,-318.15854,329.9677,288.41962,-233.34254,211.00574,291.40634,-276.94608,295.63583,262.10083,9.510111,239.25165,263.38666,-9.32381,290.30856,380.5095,4.0685267,247.5803,385.52765,-23.095304,285.62796,494.88635,94.72908,252.60892,496.45993,83.30188,280.6043,510.1454,93.57001,256.10266,510.89246,83.48464,295.74905,530.93024,-47.311497,250.3582,534.094,-60.50024
80. mountain.pngresized.png,155.09178,27.003223,-171.45586,158.76344,23.575537,-160.22746,160.97545,23.854027,-160.1922,163.26762,24.065058,-160.17487,152.28732,23.312881,-159.37955,150.06636,23.289732,-159.34003,147.83652,23.318823,-159.3857,166.80977,29.764135,-97.44964,145.32655,28.60058,-92.04856,159.57056,34.847206,-148.6416,150.92418,34.374264,-147.13142,186.7461,70.14571,-57.37405,127.26392,69.54511,-57.983696,214.36563,107.27145,-54.47637,110.30311,109.287186,-60.092762,241.93361,142.60303,-119.857285,87.26897,147.51482,-122.38517,251.4289,152.22305,-134.09973,77.84612,158.07896,-135.57733,248.95297,153.07175,-157.5143,79.21678,158.3318,-159.81154,243.60147,151.24394,-131.19987,84.88643,156.1669,-134.87381,175.44609,158.86089,1.4162308,141.56725,158.8107,-1.1919144,173.6215,224.55254,11.213912,146.82184,223.40884,1.7286699,171.96364,279.60333,106.50928,152.54253,278.4693,109.71089,169.35751,285.39673,110.916565,155.39735,284.02847,114.879745,174.44884,303.37488,38.147793,150.60818,302.32407,41.13079
81. 29.pngresized.png,417.61517,222.1912,-47.220627,408.33594,216.64572,-45.878162,406.5997,216.90256,-45.67948,404.99893,217.13086,-45.676865,409.96768,217.22273,-73.04911,409.0241,217.75163,-72.94789,408.159,218.52779,-73.07077,395.3302,229.26051,-6.276179,401.15158,232.35919,-126.17288,416.4029,236.1663,-28.221209,416.63907,236.37862,-61.10387,389.78436,272.42703,57.588127,391.28934,267.27475,-194.29524,396.6883,172.9706,67.62544,400.0742,174.43684,-338.1489,400.07977,78.07745,-64.29151,406.46075,73.92488,-419.68677,394.911,58.326405,-90.086235,409.25443,55.690887,-473.5383,398.48672,57.281128,-117.303345,402.03772,53.47909,-455.442,401.61484,63.851646,-80.93475,399.47357,59.06331,-417.38638,412.85294,468.0057,98.60456,408.93805,463.91312,-98.549706,403.9931,603.5156,136.72308,399.7302,596.6409,-55.569866,387.5835,724.143,201.59335,384.2196,728.8862,13.099905,376.36182,743.4013,203.79872,371.64307,752.5564,12.418289,412.61737,767.4791,129.2017,422.18628,771.90454,-81.062775
84. screen-shot-2018-02-21-at-10.31.38-am.pngresized.png,111.46384,47.151512,-257.98187,117.69969,40.4803,-252.67511,120.82486,41.472218,-252.70525,123.97863,42.40027,-252.79684,110.07567,37.321957,-248.90901,107.18371,35.897305,-248.8089,104.27288,34.54291,-248.6191,128.30797,44.675297,-197.29778,100.466965,34.652443,-177.7172,115.65458,55.14235,-235.40854,104.62416,50.904526,-229.8655,153.22972,80.26439,-170.82916,71.63116,73.76937,-128.27863,179.10893,137.79091,-153.23492,74.588234,131.47295,-100.4566,208.81476,186.84789,-165.32314,68.77417,174.30428,-143.6187,220.43466,199.89864,-166.42006,65.62511,187.62085,-148.42012,216.48322,203.68835,-186.51857,65.56683,189.03647,-176.22864,207.82204,200.50047,-171.56071,71.89221,185.63576,-155.22992,146.28296,185.6501,-13.826897,101.73833,189.44061,14.627473,156.75243,261.48334,-31.369308,122.3694,260.90964,31.457783,162.44084,306.95007,130.23581,129.36049,303.3205,231.45897,163.52856,311.9406,145.7676,131.15839,308.97018,249.81447,160.32268,336.45215,112.252716,130.42024,328.28424,214.69469
85. tittle-2.pngresized.png,155.63596,38.189095,-189.71313,159.22722,33.549557,-179.26678,161.66315,33.471584,-179.29094,164.17706,33.346527,-179.24973,152.07272,34.163876,-177.99881,149.6218,34.449623,-177.99228,147.16449,34.760303,-177.98793,168.00739,38.654694,-124.12528,144.77873,40.329468,-114.37203,161.09772,45.63126,-170.02425,151.70407,46.25682,-167.20767,186.0034,81.11135,-90.81097,129.22641,83.27145,-76.23518,199.17253,131.36485,-86.52406,116.87718,133.18373,-66.559074,216.42499,177.39421,-110.22734,103.017296,176.10355,-90.36352,223.46733,186.85168,-112.07397,97.3706,186.32632,-87.94681,222.77226,189.3504,-132.09358,97.66078,187.71202,-109.12556,217.70813,186.94484,-118.50157,103.12844,184.70851,-99.47963,174.59454,167.66867,-5.5260487,141.17496,168.67155,5.6483207,170.32903,241.76694,-5.2889504,144.72644,241.43518,3.9984622,169.1641,304.83658,69.01929,149.22565,305.35852,71.597176,168.14125,311.7759,71.00506,152.79381,313.2761,73.1684,168.74081,328.5822,-3.082018,142.49829,327.4222,0.107342325
86. b84ea1c722dd4d0364af0c5c66d2fea8.pngresized.png,269.91718,118.564735,-63.333607,275.68277,125.175354,-74.673164,275.2072,126.79053,-74.45036,274.81644,128.33952,-74.45188,277.0373,124.98938,-54.146923,277.30905,125.97667,-54.13928,277.6019,127.100845,-54.149044,271.46585,139.58551,-104.67142,275.13242,137.32732,-10.675014,262.47855,123.54858,-74.25127,263.40594,122.49282,-47.006805,246.98991,155.95009,-151.5657,250.73637,152.6709,22.432497,245.29663,93.806595,-219.77986,262.544,97.753746,20.648739,258.33148,40.914673,-286.7542,265.19577,50.40889,-25.926147,263.0453,26.478395,-324.26337,271.4151,37.811863,-34.39424,266.7484,27.401125,-311.7955,271.9516,38.322834,-52.02529,263.98666,32.443684,-286.71097,269.1596,42.933887,-36.921585,227.16643,263.29944,-62.351654,227.44234,259.79065,62.6445,237.82219,361.01486,-55.495037,237.00113,333.37213,76.07582,252.78517,438.93887,-42.331055,256.58694,401.89563,119.9801,260.71603,446.59512,-40.670837,265.53003,409.2039,123.88459,243.06923,469.15024,-86.6528,243.0582,428.0749,97.826485
89. tadasana-1.pngresized.png,161.74074,69.28973,-189.6978,164.51437,65.92828,-177.09262,166.34921,66.17174,-177.09511,168.23265,66.42412,-177.09503,158.97665,65.6417,-178.51903,156.96124,65.50903,-178.42662,154.99002,65.46242,-178.4318,169.852,70.70627,-115.46866,151.96512,69.40939,-122.4942,165.05383,74.78317,-168.0856,157.44057,74.1223,-170.06061,177.942,92.99267,-110.96548,140.6181,91.551125,-112.02763,185.4094,53.80772,-136.59952,144.88654,48.852016,-146.94197,176.33847,14.885766,-155.46498,152.67093,14.420245,-171.35043,173.39357,6.8568344,-179.51895,156.18317,7.716879,-190.26944,170.16562,5.288619,-170.54404,158.57773,6.4935265,-187.68196,170.61841,7.48144,-156.1898,158.14832,7.725406,-173.22974,172.32782,164.0279,0.16681999,145.2763,164.1178,0.019133547,171.55388,226.73012,4.505394,145.28241,224.86604,-8.811554,173.32913,275.5091,66.699715,140.76335,273.61493,55.4492,171.09193,281.38397,69.43891,141.10312,278.80084,57.890575,178.844,293.05862,6.1644073,143.85374,292.44186,-10.854155
93. main-qimg-2d4198a120b99707dfb8dd73ab9ef561.jpgresized.png,154.58476,70.726456,-177.14308,157.48795,67.626305,-164.16422,159.37265,67.900894,-164.16698,161.30952,68.18089,-164.16573,151.90144,67.303154,-165.08246,149.89273,67.18333,-164.99092,147.92764,67.14656,-164.99658,163.35359,72.71862,-104.68115,145.08984,71.32987,-109.2019,158.02757,76.31502,-156.75194,150.371,75.65001,-157.95523,171.99142,94.83475,-104.95823,133.81778,93.51903,-106.02453,176.95119,53.99273,-133.09091,139.02478,50.380123,-141.05939,168.38263,15.487927,-152.15158,147.17279,17.197325,-165.31633,165.7139,7.59511,-175.60893,150.92752,10.803501,-185.57925,162.49646,6.037966,-166.6676,153.21225,9.404748,-182.58466,162.71051,8.341994,-152.82144,152.69678,10.682664,-167.31645,165.44852,166.10638,-1.4066055,138.02293,165.73936,1.6098945,165.68736,228.77597,7.8477907,138.46927,224.31137,-1.5562463,168.65852,275.83203,69.902824,134.23305,270.42728,63.223724,166.93079,280.7417,72.91691,135.04427,275.1901,66.1344,171.86002,294.82428,9.817285,134.92975,289.1591,-0.99471015
94. jessy%25253amountain%2520pose.pngresized.png,224.9025,73.63022,-383.43127,229.31772,66.00249,-371.6619,232.413,65.80124,-371.67108,235.59349,65.52606,-371.56104,220.11731,66.439,-372.5658,216.90318,66.43641,-372.5056,213.69653,66.49597,-372.5122,240.25432,68.49634,-276.36636,210.13553,69.522644,-274.87772,230.93144,81.060104,-346.37534,219.97285,81.38638,-345.93774,262.17465,113.571396,-182.01442,188.59073,114.373795,-197.99554,271.61127,178.14278,-154.0144,177.92442,178.10864,-176.8341,288.2417,236.20308,-205.89635,163.22937,234.063,-216.86238,297.60532,249.05103,-217.08138,153.88417,247.31987,-228.32463,296.47098,251.73679,-253.7921,157.69846,249.09705,-262.12787,289.53043,248.86105,-221.65651,164.75179,245.35503,-231.95074,246.97597,221.06165,-0.16030225,204.94032,221.67896,0.19459975,236.39757,307.43344,18.604149,210.16757,308.0465,8.686419,229.8866,381.58585,137.37433,215.4721,384.97516,131.50394,226.47467,390.92218,140.98419,218.01889,394.3071,136.04956,234.55165,410.03583,25.500301,215.73405,414.48148,18.387623
Tadasana.A.jpgresized.png,611.7871,263.919,-704.5615,625.004,247.7286,-655.6711,632.93054,248.16585,-655.7312,641.0636,248.6573,-655.6548,601.0649,247.7705,-655.5652,593.0057,247.78244,-655.3354,585.14465,248.0886,-655.6463,651.37354,266.7397,-418.3191,574.9936,265.00232,-420.273,626.92737,287.64862,-621.14716,596.1736,286.94183,-620.4314,684.98035,368.4673,-451.201,534.15283,364.23068,-423.5232,701.4154,233.96631,-608.8909,549.7982,203.59644,-579.2882,672.3253,101.67221,-732.67944,581.06555,89.20938,-702.4978,663.7838,69.0838,-847.5322,595.6453,65.37863,-804.1039,652.4202,66.67396,-819.2406,603.97504,60.960533,-810.2557,651.3957,76.120445,-740.9118,602.07794,66.390076,-721.62726,651.17786,657.84595,-6.3953614,544.36835,660.0257,6.988093,630.11084,894.9019,76.9913,549.4617,900.31226,19.28303,620.36835,1087.7943,338.0664,530.3793,1099.722,241.00983,609.48737,1109.4688,352.37155,529.3932,1119.9686,251.02243,630.22144,1154.9393,89.671005,549.4996,1171.1819,-24.232594
