1.jpegresized.png,83.796814,113.016136,-52.134594,80.94082,114.12808,-43.865086,81.14546,114.004616,-43.89224,81.35796,113.834045,-43.927284,80.25137,115.95674,-52.566597,79.94226,117.01349,-52.550983,79.68605,118.06204,-52.497738,82.192764,118.3877,-8.994246,80.64958,124.85419,-47.115406,87.268616,115.62835,-39.39638,86.31912,117.94831,-50.38654,101.30821,113.24458,-25.49576,93.91967,145.76454,-28.78631,104.83884,88.08405,-49.075226,92.241714,166.09215,-47.19587,99.95912,65.29929,-90.93908,90.84646,181.77779,-96.37381,100.5923,59.79235,-103.95691,89.971855,184.68265,-96.601364,96.58003,57.937668,-106.06113,88.53433,185.53134,-112.4998,95.68076,61.438736,-94.85943,89.75449,184.6257,-103.55419,147.37122,141.41829,-15.271095,133.51991,149.46233,15.359197,166.14784,164.60553,-33.363712,97.51083,167.82971,42.00953,188.44115,190.78941,-6.8626,78.03259,192.99687,65.108604,190.05835,196.36728,-6.4583216,77.616425,201.38461,66.806046,189.52249,196.55435,-47.860725,58.072784,194.08437,50.12994
10.jpegresized.png,76.76676,110.94449,-64.283615,73.74209,110.938576,-58.358215,74.03505,110.439445,-58.389893,74.33423,109.88818,-58.433517,72.85852,113.252106,-64.1865,72.47457,114.4287,-64.17643,72.13526,115.590675,-64.10334,75.51082,113.25659,-29.252495,73.20346,121.42628,-54.574795,80.862976,112.885445,-53.385136,79.70625,115.86121,-60.686123,96.32277,109.095825,-42.49979,89.560326,143.31462,-34.33462,98.57021,84.07228,-59.36469,89.48207,164.74521,-37.352505,96.73437,62.013947,-91.60077,84.33363,185.90627,-68.05033,96.784805,55.67968,-104.53468,81.833626,191.18794,-69.854,94.433945,54.551456,-109.86896,79.447945,191.09198,-81.88962,94.553,58.385857,-96.698814,81.04616,189.42285,-74.392296,146.30806,135.49594,-14.598445,134.5629,147.56815,14.781502,170.27847,161.9532,-24.314156,124.70676,162.61693,41.666393,195.8785,183.78421,-1.6457733,124.41899,180.14566,77.50802,197.94933,188.99152,-0.9709086,125.29894,185.39476,80.05827,199.00316,192.68349,-39.29312,117.35486,182.33478,62.776924
11.jpegresized.png,107.78936,144.06058,-29.836481,105.69968,145.0671,-24.390453,105.83017,145.19836,-24.409603,105.95225,145.2818,-24.444128,105.29543,146.04951,-33.084503,105.129395,146.7671,-33.092407,104.99093,147.4883,-33.03308,106.61134,149.9299,-1.9784005,106.030716,153.47923,-40.28377,110.61262,147.24802,-20.944603,110.01157,148.25414,-31.954536,120.47056,147.50522,-21.23368,116.246185,172.49995,-16.860218,125.93738,125.88507,-36.50622,116.00418,190.91139,-18.722239,124.02866,105.59293,-62.13605,117.67482,206.2273,-53.93198,124.11459,98.924065,-71.9252,115.67408,209.94405,-55.736946,122.106,98.95186,-73.27739,115.64815,210.44904,-68.834335,121.9304,102.659836,-65.39251,117.519485,209.47789,-59.752785,160.82663,166.22823,-24.87218,150.76698,173.30766,25.06731,175.58679,192.04509,-43.150696,131.4757,195.61629,48.899197,195.53409,215.28754,-17.07187,125.02011,219.96806,82.88946,198.61833,220.04764,-15.556499,127.398964,226.8575,86.45564,190.46083,223.55484,-51.15528,108.16475,226.00539,78.81218
12.jpegresized.png,214.19191,145.90472,12.450265,216.81332,144.349,14.562684,216.78935,143.96367,14.587561,216.759,143.63293,14.546954,216.78026,144.44157,6.9263635,216.8182,144.10445,6.9818873,216.81891,143.77008,6.994522,215.64359,141.51195,23.731813,215.80379,141.66699,-10.530915,211.70496,145.32944,17.013971,211.68443,145.12639,7.0849133,203.45718,136.79558,49.025436,206.02925,140.49237,-30.320879,223.70377,146.98083,61.636326,224.01741,150.30202,-56.517033,237.13501,150.68976,27.667755,240.88657,152.13426,-44.18514,240.35495,150.29686,26.632679,244.75906,152.01833,-49.67449,240.6551,149.41655,17.662655,244.72597,150.9967,-41.899868,239.50182,150.28549,22.616693,242.4022,151.07469,-40.663715,157.92438,134.88516,25.551598,161.66266,140.1036,-25.67156,126.399734,141.14189,29.464682,166.64487,172.52518,-2.9944503,99.20684,144.3828,37.681126,167.91939,202.41647,14.005398,95.55349,143.42035,39.109756,165.65483,209.06049,15.175134,92.20065,150.13736,33.58644,181.32236,206.15796,0.2527666
13.jpegresized.png,96.04193,112.17986,71.0026,93.71594,112.10446,62.59326,93.51465,112.936584,62.60361,93.30661,113.717804,62.591843,94.3378,109.672905,61.787014,94.460815,108.812515,61.760063,94.62287,107.99839,61.756184,94.57061,115.06844,29.946384,96.06671,107.46315,28.504635,97.61838,114.280365,60.18757,97.97203,111.862564,59.83806,103.75372,127.75781,-6.193638,109.744774,103.02138,19.70523,102.62016,143.82632,-39.104164,111.03618,86.17034,19.256407,99.54469,157.27213,-66.39055,114.69472,69.27475,18.57648,99.28574,161.21715,-76.596436,116.35777,64.89218,17.593601,97.30364,161.02907,-71.73023,114.73537,63.678833,12.851635,97.57334,159.03722,-65.535965,113.63519,65.46386,17.188925,139.2349,126.580154,-19.73916,146.6243,116.74329,19.70448,122.49479,142.16046,18.854725,159.91174,141.43869,36.176544,114.226,158.66711,57.888542,172.53488,163.27148,59.999725,117.00272,160.31529,62.124214,176.36345,166.67061,62.25027,101.97178,163.45064,60.232323,172.58867,170.83545,56.599144
14.jpegresized.png,149.04439,126.28874,-79.59305,145.73619,127.122925,-75.38928,145.71274,127.00899,-75.387146,145.68378,126.84371,-75.38348,145.52814,128.56032,-83.00694,145.33447,129.36642,-83.00798,145.188,130.16306,-82.966484,145.22551,130.11832,-47.618458,145.2111,135.42934,-81.30593,151.13211,128.3855,-67.97173,150.823,129.86328,-77.61576,157.46767,124.01107,-56.22853,154.15764,151.6474,-49.3861,159.54366,98.258995,-68.80037,154.12993,173.0676,-50.07975,157.72516,75.09305,-99.93357,155.1348,191.83578,-82.277985,158.54243,68.86915,-109.44577,154.40979,195.45755,-82.51244,153.9959,68.08985,-114.96924,152.77264,197.275,-97.3266,152.97633,71.14211,-104.38539,153.79128,195.58652,-88.03954,198.7513,145.75345,-20.88218,186.94621,151.94797,21.063848,209.5593,178.50237,-29.857552,164.3043,179.00127,24.395464,222.93304,208.2315,3.65412,141.30518,207.91734,42.50669,224.94173,213.34572,5.6518164,141.45894,215.91988,44.358753,219.98103,215.17363,-36.18295,122.28063,212.81323,22.017387
15.jpegresized.png,105.52164,116.10001,-10.255126,102.29362,114.56004,-6.047837,101.98733,114.52282,-6.0579085,101.730354,114.432945,-6.0704074,101.9068,115.54455,-13.726105,101.44315,116.01434,-13.746047,101.023,116.50097,-13.675891,99.12664,116.985466,10.453274,98.22692,119.98743,-20.771755,105.727905,119.37413,-4.1198106,105.61136,120.21278,-13.276038,111.96111,124.116035,-4.669222,100.26763,142.44705,-4.3954988,116.915634,98.62077,-16.043093,98.53284,166.96085,-5.426343,124.30299,78.48183,-22.652271,98.78411,188.87,-37.7674,125.53697,72.00558,-29.499594,98.419174,193.98213,-40.557953,125.21602,69.804276,-33.110332,99.19619,194.07364,-55.840668,124.9892,71.942184,-26.400238,100.25781,191.88359,-44.010273,140.08008,165.62784,-21.386255,126.023415,168.8414,21.40354,167.6925,198.2423,-54.39749,95.298096,166.205,19.857533,196.68709,196.38617,-21.925308,92.74696,187.21556,53.016953,199.39828,193.25696,-18.311049,97.00061,191.7438,55.01145,205.24908,202.53828,-44.8389,74.616844,193.32384,44.49622
16.jpegresized.png,117.882996,128.43773,-67.75044,114.7269,128.55342,-61.538097,114.70376,128.13155,-61.58867,114.69458,127.67866,-61.635216,114.12107,131.08615,-69.9085,113.72014,132.28165,-69.91514,113.371376,133.45941,-69.85751,113.06397,131.22499,-28.431479,111.77569,139.62607,-64.92151,119.66924,130.84001,-54.54623,119.13998,133.3551,-65.115715,127.82955,129.70108,-34.434498,120.64439,160.30464,-41.055862,124.69244,107.551094,-50.099392,120.45496,179.92166,-38.705574,125.977486,86.340996,-83.22957,125.87342,200.09962,-58.756092,126.72762,80.95167,-93.67681,126.04523,205.5974,-55.95042,125.53928,78.95257,-97.96614,125.97318,206.25333,-71.8568,125.019424,81.69645,-87.83612,126.745766,204.11777,-64.93687,168.98375,158.13646,-12.365666,155.43814,166.68163,12.494722,181.55885,182.62169,-26.358603,137.43346,192.87317,14.332016,194.74934,214.804,-0.74426883,118.25065,221.2472,30.028292,195.51588,220.61356,0.8249939,118.20531,228.49734,30.996065,194.41844,221.0904,-29.311155,100.66513,225.53545,14.325461
17.jpegresized.png,101.5737,131.51042,55.69006,99.11422,131.67049,47.85202,99.16707,132.28802,47.87042,99.210266,132.85107,47.86774,99.12866,129.58542,48.226734,99.09873,128.8153,48.191364,99.11056,128.07329,48.174046,101.34408,133.77736,19.005127,101.12,127.43134,23.21053,104.08945,132.98468,46.386925,103.85335,131.20331,47.562702,112.770905,145.00258,-11.495689,117.156555,121.073906,18.899792,109.97193,163.5787,-40.990158,119.104065,101.11471,10.484348,106.88571,178.71556,-62.162945,121.943596,83.042076,-4.999611,107.090195,182.65283,-70.4478,123.94627,78.13576,-8.340237,105.44838,182.75186,-66.81132,121.63775,77.5117,-12.014117,105.76506,180.93445,-61.312866,120.43708,79.88312,-6.217008,150.62183,141.23984,-20.692064,157.31615,131.96213,20.645359,134.13127,157.37392,11.773645,172.48953,157.19379,39.68233,123.97865,175.35555,45.850044,186.35866,178.33621,72.43274,125.88072,178.02858,49.22146,190.195,181.78412,75.5132,110.75499,178.48596,40.884678,185.65817,184.1458,67.36179
18.jpegresized.png,63.701912,113.25752,-103.76591,59.136757,111.979935,-96.880165,58.749107,110.38372,-96.84665,58.315536,108.7184,-96.87257,60.35411,116.68269,-97.9216,60.803864,118.535706,-97.928085,61.28974,120.331696,-97.867714,60.676476,106.38219,-56.83302,64.742615,121.52713,-58.084866,67.59472,109.14518,-89.10875,68.94408,115.70165,-89.37778,81.30929,90.26943,-61.975163,86.26192,122.3331,-10.008586,86.56074,54.85105,-75.21526,87.44913,154.43684,-0.9862839,88.86899,25.161293,-111.11081,81.96291,185.92636,-31.969244,89.293144,15.591988,-121.773575,80.257355,193.96083,-36.762657,87.38953,19.007057,-131.67085,78.38235,192.81534,-49.643078,87.9664,23.495743,-117.35506,79.89001,189.04556,-39.388912,145.90022,94.27227,-29.80484,140.53326,103.88738,30.006409,145.28645,141.73651,-21.898033,132.72226,146.35135,65.56222,143.79874,183.54877,4.979615,128.8693,184.6453,86.4228,148.19473,188.7482,6.600283,132.46786,189.81497,87.951744,128.33665,198.27762,-17.977453,119.646835,200.31827,79.33465
19.jpegresized.png,87.60077,104.29929,-57.13482,83.638885,105.21941,-50.219585,83.55799,104.84084,-50.256363,83.48841,104.42036,-50.304054,83.47915,107.883125,-59.494923,83.3447,109.206924,-59.486275,83.26604,110.51158,-59.381653,83.09245,108.64105,-15.776686,83.6128,117.36266,-55.97774,90.50169,106.47045,-43.724316,90.42618,109.30113,-55.55405,101.993484,103.56902,-24.899755,96.17226,137.30594,-29.973598,104.10672,78.37705,-55.373,92.71689,161.53134,-46.14236,96.58284,53.169712,-112.25245,92.08595,180.64685,-97.03768,95.095314,45.47372,-129.08919,90.526596,183.62297,-96.867035,91.95115,43.688778,-130.67343,90.0945,185.28572,-113.193085,91.94457,48.498165,-116.46631,91.73323,183.73244,-104.20762,152.14882,129.71317,-23.167948,136.71402,139.45247,23.362469,170.3684,162.03027,-50.379322,101.791016,166.07826,42.567802,191.22679,193.52452,-20.682125,86.82049,195.97853,70.01304,193.39734,200.2284,-19.880566,87.6207,204.58246,72.01839,188.18883,202.19641,-63.348946,65.86466,200.65442,56.69942
2.jpegresized.png,76.44468,119.64154,-69.915794,73.520035,120.77722,-63.59065,73.74252,120.68723,-63.58927,73.96893,120.538155,-63.551434,73.00313,122.43556,-72.80135,72.78911,123.43745,-72.80657,72.65026,124.41825,-72.796646,76.063225,124.29607,-35.113003,75.02633,130.89635,-77.48477,81.517914,122.08543,-59.76807,80.825005,124.236595,-71.87493,99.68078,114.729965,-48.97644,96.4549,154.58507,-65.25359,96.9539,86.16451,-56.640263,102.5651,177.51605,-75.92115,89.51691,62.403286,-80.343216,102.1768,200.12244,-101.778885,90.0874,56.404583,-86.87683,101.969505,203.45044,-102.49858,86.118126,55.11996,-94.245735,100.03461,206.24908,-120.05993,85.8489,58.611015,-85.74105,100.5315,204.09799,-109.40505,156.16255,140.64511,-8.585888,141.36682,153.65364,8.765283,173.96475,162.48761,9.734641,108.555244,185.33636,19.517117,193.41183,191.79887,66.03684,78.803734,215.4011,42.036865,195.54774,196.14784,70.1918,78.26779,221.80582,44.195522,197.8909,198.34528,42.607838,58.974247,223.80374,25.179499
20.jpegresized.png,28.970356,148.51001,-91.897705,27.997269,146.80766,-84.38329,28.545067,145.89104,-84.406746,29.101055,144.93076,-84.4183,26.769196,149.83368,-86.301285,26.451427,150.93294,-86.30898,26.171864,152.03036,-86.23962,31.460258,145.14554,-50.038692,28.094612,154.80571,-56.63192,33.134537,148.08589,-79.36306,31.616829,151.55724,-81.11892,48.07766,138.20609,-54.99705,40.446136,169.6577,-31.763464,48.58658,116.72769,-79.12132,37.224377,187.31192,-22.637615,47.467606,99.0919,-117.88314,36.192253,205.54318,-54.27113,48.099854,94.268715,-131.59032,33.838867,207.91249,-52.992176,45.89336,93.22403,-133.00348,33.1348,209.74371,-67.96027,45.118446,96.30723,-121.01808,34.961933,208.861,-61.12345,85.27802,162.04808,-22.967419,72.83369,169.95872,23.06229,98.5665,187.63725,-43.567406,57.30664,191.61821,50.515606,114.88723,213.6097,-17.07034,46.57162,212.50777,91.2933,117.12578,218.74619,-16.711485,47.73674,218.90738,94.70194,110.50757,221.22937,-59.32869,29.894142,216.3717,79.15345
21.jpegresized.png,101.73689,141.08441,37.40014,98.7228,143.09268,28.016397,97.972755,144.28093,28.006899,97.23222,145.41258,27.983822,100.8648,140.59198,21.894,101.48856,139.87172,21.906826,102.17057,139.12996,21.998224,98.40495,148.11052,-3.0397568,104.95622,139.85309,-28.601189,103.961845,142.89774,28.400288,105.39988,140.36397,20.779167,112.59928,162.96973,-35.17558,120.91452,132.72397,-8.741789,121.066475,188.14554,-43.620358,118.560234,110.53665,-12.034952,127.90507,210.97069,-56.320484,113.81021,84.81569,-29.525047,122.57015,213.65135,-69.623375,115.94842,78.67229,-25.985802,121.62196,213.0021,-58.23365,110.22744,77.13887,-33.408348,123.49402,212.77383,-51.691948,107.93805,80.587975,-29.804785,164.90451,157.19714,-35.345665,163.80452,152.24362,35.44698,183.37587,188.55046,-50.030205,146.46724,177.83208,65.23194,204.21571,217.7573,-51.580097,130.26947,208.1722,112.55213,211.35947,222.95227,-54.961758,130.79666,214.97136,116.10687,191.58743,231.0617,-84.51305,113.912254,215.07907,100.076164
22.jpegresized.png,97.996155,139.6796,71.607735,95.53774,141.47089,61.908943,95.1342,142.99916,61.8847,94.717224,144.48465,61.89435,96.7359,138.41902,55.12925,96.99957,137.61914,55.066826,97.326904,136.84215,55.026497,95.49858,149.47285,24.513363,98.95848,139.52753,-2.9662986,99.61222,144.0397,59.60405,100.223175,140.65836,51.420322,109.088646,169.8543,-10.930699,112.75211,136.55064,-2.0739262,117.614006,195.74362,-2.4778466,114.99268,109.1158,-7.489924,118.81762,214.08179,7.746998,118.45543,80.8103,0.39964452,116.18856,220.17924,1.3475914,121.37564,74.6094,4.92997,114.02708,218.12389,6.9575715,117.65387,73.52476,2.1878839,115.3435,216.28142,10.552077,115.60641,76.20643,1.49841,156.018,159.36142,-31.171753,157.87566,150.51012,31.024612,160.17426,186.07346,-24.669619,146.79465,182.61018,38.90879,172.21689,214.25203,0.7348778,136.76628,216.9343,92.67395,176.14877,218.04063,3.2907605,137.52026,222.80891,97.32924,166.11719,226.88077,-17.34053,126.03436,226.97571,81.50753
24.jpegresized.png,60.541317,132.6347,77.86946,57.247597,133.92677,64.2264,57.37757,134.74966,64.185684,57.478897,135.49348,64.18595,56.721897,130.96231,65.84549,56.347282,129.68613,65.769165,56.04226,128.42342,65.712296,59.43373,135.81572,17.136953,57.914238,126.57696,26.397425,64.362335,133.86201,62.10741,63.424496,131.155,64.7278,80.472664,148.07785,-29.36422,79.26181,106.95207,33.839256,85.35366,181.40425,-26.705582,89.39619,65.81496,50.377983,84.936165,211.66766,4.5485506,89.306206,35.4941,101.606606,83.79202,221.24203,-3.555101,92.653465,25.32477,117.39624,80.96582,219.65254,7.9643455,88.29267,27.762653,111.85222,82.20073,215.84335,9.858522,86.07725,32.67967,103.11794,150.52945,125.957794,-40.825817,143.8342,112.98506,40.72464,176.39229,174.98628,-51.497093,112.09354,157.96654,74.12186,195.02295,220.91287,-58.89252,102.62604,207.30052,128.72174,200.99242,227.03885,-58.85054,107.53542,217.99747,133.2403,185.16176,236.2295,-91.909676,79.02568,218.10199,117.01105
25.jpegresized.png,87.2781,146.16933,-45.873226,85.109695,143.66801,-49.90945,85.258606,143.0543,-49.919228,85.41684,142.38693,-49.903397,84.81681,144.78416,-43.16067,84.74235,144.95099,-43.140453,84.72247,145.12918,-43.12657,87.818886,141.07787,-51.234936,86.66158,144.7142,-20.066486,91.15423,146.22835,-45.571472,90.71596,147.59645,-36.60918,103.74317,144.6519,-69.40414,105.206825,153.3581,13.062942,97.67645,158.48936,-83.33302,104.63001,180.27937,11.446851,92.63263,174.07689,-80.18344,101.065155,203.27547,-17.00159,89.88384,177.72095,-92.95381,99.249176,207.67668,-18.094091,88.07071,177.66644,-88.54951,98.577545,206.32367,-29.507708,89.999626,176.52425,-79.69392,99.70885,204.78009,-22.724758,153.74844,161.41316,-28.392702,144.91296,167.15753,28.521572,185.80101,187.31096,-32.3746,116.839554,183.94568,49.8113,215.4414,196.39922,-4.023374,109.44163,213.54758,85.19298,220.48355,194.57924,-1.7527666,111.65533,219.3112,87.3441,218.2483,207.58788,-26.271156,94.43559,221.30724,76.06772
26.jpegresized.png,73.943016,100.81073,-33.184265,71.27452,100.71683,-25.007639,71.70645,100.255005,-25.023796,72.14383,99.72905,-25.085459,69.76192,103.36224,-31.707117,69.17228,104.675865,-31.7106,68.64795,105.99187,-31.645647,72.76632,104.67992,4.541035,68.4524,113.769035,-26.14854,78.01653,104.495285,-22.657423,76.201035,107.5938,-31.5299,96.34284,105.31553,-19.376652,80.841156,142.99554,-6.913218,99.23619,72.293175,-46.79792,71.31649,173.01457,-15.402248,97.78523,37.872658,-70.35596,66.92561,203.89633,-39.358143,97.43681,28.163208,-76.80797,64.36051,210.79297,-30.035288,96.478546,25.771515,-79.3011,63.45775,211.12955,-50.360394,96.62064,31.03601,-74.53658,65.96302,209.43294,-47.1829,146.34492,147.51514,-26.886581,127.54274,159.14133,27.049131,181.46405,180.92732,-39.908684,89.7552,179.54715,38.81701,215.92752,208.9271,-23.798119,80.67291,217.51602,59.30047,218.09286,210.46877,-22.27442,83.638916,225.25879,60.577877,224.7803,223.82571,-55.887245,62.07357,226.01596,55.68973
27.jpegresized.png,91.44387,101.25892,-43.431915,88.08031,102.46115,-36.5532,88.15787,102.58468,-36.58758,88.248085,102.64993,-36.603607,87.23973,104.06915,-49.111298,86.74689,105.13253,-49.13697,86.2928,106.19078,-49.100975,87.21721,108.29532,-7.17288,85.3074,114.06351,-64.128586,94.14833,105.27298,-31.817905,93.15182,106.86213,-48.180145,105.049,105.258224,-27.820772,96.513885,138.20702,-43.917168,115.42098,80.80668,-34.34057,96.994354,162.37132,-51.845573,116.59561,55.3446,-65.165016,93.040596,183.97253,-72.73369,118.38288,49.097652,-73.16379,88.93497,188.7846,-72.31685,113.07859,47.155495,-78.3217,86.79297,190.40425,-85.34666,111.77593,50.54515,-70.25718,89.09552,189.05397,-78.19312,150.73044,133.77711,-15.533776,135.96771,140.93167,15.725502,167.4971,158.07016,-17.189949,109.8288,164.97372,26.335155,187.5709,189.479,19.10927,90.86662,192.16142,42.111298,188.45447,194.31657,21.547516,91.1724,199.15012,43.973457,189.66652,198.12346,-13.492961,72.35945,197.26776,33.281754
28.jpegresized.png,98.804596,105.50307,-188.12137,95.54935,107.22966,-190.61124,95.131485,107.55338,-190.6356,94.7005,107.88054,-190.67047,96.674835,107.30366,-196.45108,97.05025,107.77899,-196.4387,97.48446,108.228424,-196.31837,94.145775,112.36456,-168.70319,98.41997,113.32429,-195.29262,100.63086,109.364174,-176.52518,101.95752,108.98267,-184.3976,108.63618,115.56202,-145.58498,105.70772,118.02625,-154.754,107.23117,88.59045,-160.71895,102.04287,110.28882,-171.99837,98.59964,61.27623,-182.80627,96.0076,103.66548,-196.74232,93.1089,55.128704,-189.30759,96.58154,97.551926,-200.66698,89.62237,49.676575,-201.623,93.959045,102.71526,-206.29044,91.60172,52.10279,-188.74605,93.28168,104.644356,-197.74435,162.65643,116.6503,-15.266225,150.78569,116.96481,15.445887,180.09909,165.50415,9.349862,125.98254,153.32028,63.14992,195.75258,199.94997,37.76383,107.24824,197.75037,106.05045,202.34679,203.69571,38.31222,110.86308,207.72552,109.51042,183.79265,215.5445,-4.0181894,84.72271,212.7047,82.684906
29.jpegresized.png,145.64175,169.52864,-52.534157,144.15303,165.62685,-56.656235,144.66313,164.72893,-56.642906,145.16602,163.77464,-56.653137,143.43019,166.58371,-47.658062,143.21992,166.61908,-47.624268,143.07532,166.6724,-47.581783,148.95949,159.64233,-57.936985,145.83438,163.94505,-18.454294,150.83621,168.45984,-52.687263,149.54617,170.1309,-41.376118,170.71513,148.8196,-62.564144,164.17944,179.6689,2.5360496,178.94829,120.368904,-77.62706,164.55573,204.4625,13.778194,178.09375,90.76626,-99.6259,154.93033,225.18564,5.9301963,177.22939,80.98816,-103.13641,152.36302,229.97993,9.481912,175.9845,80.93461,-114.27742,149.59148,231.36662,-2.1042607,177.25543,85.394585,-105.20866,151.20721,229.60881,-0.22135223,222.97389,176.81354,-20.395195,211.74483,191.20496,20.689278,254.52959,200.526,-19.322878,196.69234,214.9166,28.963526,264.07587,219.30379,44.518787,173.40257,234.78853,78.9951,265.03122,220.59607,51.47833,172.14532,236.99203,83.926865,267.45245,231.56961,47.211685,160.28717,245.67201,88.581795
3.jpegresized.png,67.1706,98.24919,-55.791748,63.971535,99.89368,-41.86469,64.40192,99.81122,-41.895382,64.82905,99.65839,-41.909397,62.710648,102.94026,-59.547745,62.217117,104.58922,-59.562054,61.758476,106.201004,-59.51149,66.26191,107.85934,11.914039,64.02058,117.422295,-66.03731,72.765076,103.15645,-35.593807,71.12685,105.98027,-58.24956,90.635574,97.401474,-22.596437,85.26899,148.78094,-34.570797,89.890526,65.32561,-33.906498,85.6392,180.10414,-73.70493,87.04229,39.14155,-68.94012,78.885735,204.64609,-149.53546,90.71794,33.221504,-83.73494,71.59209,209.63806,-154.83826,82.608215,31.238464,-88.42229,71.66953,212.66104,-172.92151,80.12529,35.089317,-74.644394,75.777954,210.48022,-158.6403,165.01373,126.88886,-31.987675,143.84602,137.27823,32.308098,177.95638,179.43398,-55.82631,110.124374,181.20844,47.139694,200.50272,221.93204,-18.75973,82.56705,218.07089,58.561413,205.3111,229.10959,-17.687136,84.1757,227.6185,60.158237,188.5978,233.88002,-80.43526,53.438072,230.74692,37.72201
30.jpegresized.png,60.858505,117.16375,-90.28009,57.820282,115.547554,-82.329185,58.09426,114.05453,-82.30556,58.33804,112.51229,-82.32011,57.452297,120.31525,-84.08018,57.39678,122.184105,-84.01065,57.407127,124.02063,-83.91029,61.90872,112.57335,-41.962345,60.94968,128.63898,-48.17558,66.55551,115.930016,-75.73083,65.949486,122.111786,-77.56079,86.054855,99.67802,-51.728252,84.0534,143.85065,-11.713354,87.80839,59.995216,-65.25747,75.61947,177.4421,-12.981477,87.53999,25.43288,-106.82039,61.12726,207.56557,-38.924995,90.31816,15.908156,-116.12564,57.64062,211.7479,-32.803497,85.44886,15.759107,-128.21022,54.77101,215.87396,-51.437572,85.06176,20.464874,-113.8095,56.427883,213.69762,-47.86105,153.79945,124.415634,-25.674185,140.04099,138.85522,25.928356,174.4505,168.71223,-32.839615,100.10717,177.2837,33.983913,190.32162,208.49385,13.110498,70.88483,219.84387,62.60445,194.54585,213.36191,16.252773,71.59232,227.41907,63.947975,187.50383,221.14836,-24.347363,48.01391,234.3342,37.084286
31.jpegresized.png,205.4949,162.22656,-175.23721,200.53006,161.6125,-177.05318,200.05418,160.17432,-177.04625,199.52953,158.73392,-177.06712,201.23499,165.75394,-173.25037,201.27066,167.26196,-173.19353,201.36395,168.71745,-173.19391,197.30956,156.50438,-159.1558,199.81123,170.02737,-143.51465,206.67755,158.9309,-166.47119,207.40088,163.46275,-161.64351,203.87393,141.47179,-139.3632,204.45929,179.02324,-110.93743,205.42159,114.71593,-145.65565,195.91777,205.40688,-99.397865,205.53902,84.17727,-156.41293,190.88356,222.04364,-102.696945,202.98112,76.160866,-158.5485,187.34886,225.23772,-111.31199,200.86421,73.89033,-170.6829,186.90433,225.9332,-116.68647,202.83667,77.52743,-162.03885,187.34174,222.89088,-106.47153,237.77196,144.87613,-13.033083,238.55992,159.96404,13.052175,232.89114,158.78334,30.596075,244.2838,186.466,8.698163,233.59995,176.78342,103.11641,249.95642,219.04886,46.198532,235.89682,178.71008,109.71653,252.88362,222.2475,48.735806,226.54735,184.49393,91.09446,245.64044,234.66829,28.171312
32.jpegresized.png,76.87802,140.11317,-97.32277,74.47663,140.676,-90.99717,74.41486,139.7547,-91.019936,74.32287,138.80927,-91.04719,75.34414,144.06949,-93.69528,75.84586,145.48343,-93.66135,76.38536,146.85478,-93.58259,77.11145,139.88683,-55.103268,80.30229,150.94438,-66.105354,81.02501,138.9609,-83.4589,82.0398,143.12682,-86.76561,93.28833,126.722,-55.49901,101.58925,159.41608,-30.098988,94.39803,100.85453,-68.67304,105.89828,182.3884,-34.651558,90.690216,78.190834,-115.26009,105.29658,203.43137,-75.627625,90.896034,71.08899,-124.22277,105.30855,208.054,-76.84411,87.99676,71.990585,-133.25679,104.3947,209.0162,-90.761314,88.99303,75.73898,-120.15905,104.47713,206.21701,-82.00321,143.0498,125.09902,-15.850337,140.02031,143.02289,15.977931,178.57994,125.22897,-19.03354,140.07466,176.67734,25.324549,214.78267,126.23469,14.367251,145.35883,211.1617,54.30465,219.54633,127.771286,15.77386,149.88428,216.5355,55.82751,224.40802,127.837166,-22.599485,134.7683,223.8777,31.922754
33.jpegresized.png,107.91879,121.96297,-34.926025,105.584366,122.26771,-30.737183,105.88825,121.949234,-30.742466,106.183205,121.57675,-30.760738,105.00783,124.096085,-35.984913,104.86578,124.921875,-35.968636,104.76429,125.740616,-35.903828,108.28937,124.52891,-9.095172,107.00493,130.94476,-31.363127,112.15923,123.70506,-26.384882,111.41964,125.801956,-32.76318,125.6452,117.88094,-30.528559,123.08062,149.1421,-8.639166,123.302185,95.58252,-51.724598,121.94242,170.87785,-4.9850745,119.047195,73.58701,-81.624664,118.44151,188.7685,-35.465893,119.33153,67.213875,-95.12807,115.663704,191.92055,-35.136574,115.4983,67.120995,-96.515564,114.65941,193.64871,-50.58566,114.92134,70.9193,-84.92406,116.16667,192.37892,-42.18232,174.32443,139.13861,-22.465034,163.19888,147.30669,22.65609,190.51059,166.19165,-42.11879,132.84985,169.37526,32.42859,209.46645,194.13947,-19.1687,113.05026,197.73164,54.5675,212.14713,199.27808,-18.553402,113.86302,205.95013,56.444565,205.9141,199.63803,-52.526978,90.40715,203.33173,44.28211
34.jpegresized.png,92.99826,117.160355,-135.20645,90.10662,114.06308,-126.803085,90.62532,112.50839,-126.818565,91.155495,110.90967,-126.813995,88.51712,118.96846,-129.16861,87.91143,120.75335,-129.20923,87.378296,122.52142,-129.13736,93.19078,109.31534,-75.58153,88.582825,125.32417,-86.393616,98.217766,115.70743,-115.52115,96.25685,121.13775,-118.74368,113.432434,95.803154,-69.153595,107.743805,140.66821,-43.316246,112.10052,58.0748,-90.31447,113.90358,170.30988,-48.565475,99.15962,23.685516,-139.06067,108.802986,200.26268,-97.85174,96.65321,12.982221,-158.56961,105.6656,205.22902,-97.438934,91.42839,13.465263,-162.73224,102.22372,208.57669,-116.85282,92.10899,18.076569,-145.4527,105.18422,206.61287,-107.19035,175.76555,134.8103,-24.377806,154.50174,146.21426,24.524544,196.92896,185.71967,-41.757965,118.88504,184.50896,28.64125,217.46638,226.88084,12.696917,92.23583,224.18637,63.010998,220.77412,232.21483,17.127699,93.70458,232.06322,65.37739,216.39182,241.58548,-35.09139,68.02302,235.5016,36.380566
35.jpegresized.png,131.70515,146.59314,-108.5587,128.26613,146.28227,-98.602585,128.48921,144.98566,-98.59726,128.68484,143.66457,-98.6346,128.05359,150.97113,-104.44214,128.03305,153.0668,-104.402565,128.04355,155.12584,-104.30301,131.53058,146.07547,-49.177044,131.53159,161.50647,-72.874466,136.83961,146.21869,-90.57828,136.39442,152.30058,-97.4357,150.48285,136.90256,-55.73038,151.04689,174.00414,-30.32385,149.26535,105.264305,-58.00592,154.2303,198.31264,-39.65047,145.55267,78.86544,-84.99248,149.50113,217.1402,-88.095,147.06046,72.44341,-96.31405,147.69368,220.11823,-87.70526,141.34383,72.067184,-104.88436,145.77066,222.41507,-102.78628,141.38696,75.56507,-90.769516,146.73532,221.1283,-95.15095,210.11774,149.25923,-26.011536,199.17996,160.85027,26.232374,224.75307,188.9966,-43.542316,170.2255,189.8188,59.43568,244.22615,230.05278,-31.929897,163.3094,217.89677,97.55242,249.58223,236.819,-32.688446,166.57947,224.08559,98.90522,239.17844,240.83531,-78.28802,149.42091,227.50238,78.86386
36.jpegresized.png,90.54798,114.45083,-129.36385,86.365585,112.5944,-124.37532,86.26919,110.95275,-124.35942,86.161125,109.267365,-124.36287,86.452515,117.48703,-124.09123,86.43234,119.368805,-124.07765,86.46657,121.21801,-123.98171,87.870514,106.84525,-87.13786,88.33984,123.60696,-84.25319,94.66643,111.45944,-115.12591,94.72732,117.644394,-114.20594,111.95967,94.235596,-78.08607,104.0713,132.7614,-38.6709,128.34102,62.398857,-89.29816,106.49823,158.39551,-34.7797,143.82571,33.01625,-114.575745,105.50346,182.434,-77.8449,148.91635,24.124794,-119.334145,106.45009,188.74438,-75.16248,146.13298,22.585709,-131.2084,103.363434,190.33313,-92.24475,144.80984,26.506348,-120.484314,104.10976,187.40573,-85.51444,165.90189,131.03592,-18.915134,148.97989,143.33702,19.068388,180.0411,176.8743,-28.533987,119.910645,176.85532,27.761417,193.59921,221.55345,9.380637,94.182556,217.32007,62.455845,195.88568,227.89236,12.462901,95.13649,224.98395,64.450935,196.41504,234.75232,-25.616718,75.43665,229.1493,40.6873
37.jpegresized.png,64.302216,132.7966,-72.98513,62.543762,133.4342,-63.533024,63.077938,133.09848,-63.52433,63.604694,132.71597,-63.566067,61.31501,135.83034,-72.04029,60.970894,136.9637,-72.03437,60.66155,138.08223,-71.96302,65.85248,137.3671,-20.402903,63.119556,145.08673,-56.836044,69.00563,135.3523,-56.741135,67.47147,138.0347,-67.29038,84.541916,129.46431,-37.092022,81.88262,165.90762,-22.354996,84.45026,100.42033,-50.01359,85.067764,185.67809,-11.92502,81.62079,79.59352,-86.574326,82.390625,203.77554,-50.586727,84.61376,73.98449,-101.389465,79.46997,205.75945,-47.5684,79.60685,73.77194,-105.61188,78.29545,209.50876,-64.49032,77.989586,77.293884,-91.63797,80.42967,208.73946,-57.816742,140.05324,150.57086,-25.67505,125.95268,158.51987,25.868336,153.22984,181.31659,-48.428776,99.92031,187.2243,39.72457,172.3371,213.58151,-11.590371,77.616356,215.5031,62.46779,175.78911,220.7231,-10.316141,79.15597,224.31392,64.61132,164.64401,221.03857,-59.46927,51.674183,222.07457,42.45561
38.jpegresized.png,84.80434,116.49906,-113.606636,82.265594,116.23866,-102.71944,82.638535,115.48633,-102.69828,83.00197,114.686386,-102.70999,81.656944,119.457726,-108.90354,81.53883,120.88316,-108.88877,81.46649,122.27785,-108.81779,85.31984,116.632126,-55.673595,84.273315,127.02849,-80.2358,89.35239,116.53435,-96.51784,88.51345,120.373505,-103.53946,102.7599,105.99179,-68.12237,100.868286,142.1899,-46.06273,99.02774,78.769936,-85.940254,96.34727,165.20467,-46.582195,92.65893,59.045624,-137.51772,87.9214,186.84512,-87.6313,93.78317,54.043015,-154.07863,83.02733,190.53455,-89.550995,87.1741,54.660362,-160.10023,81.283905,194.70798,-104.67773,85.808685,57.745407,-143.51007,83.5152,193.50754,-95.100494,154.38797,125.85887,-27.914782,140.16382,134.29709,28.157139,164.36777,161.93077,-36.510372,115.618835,167.85321,59.937,175.70352,190.70139,15.724383,96.0497,195.32312,97.10842,179.0433,196.426,18.295816,97.77937,202.35141,99.899956,165.53603,199.74799,-34.017376,73.57136,204.88948,74.91786
39.jpegresized.png,64.19784,124.23851,23.791998,60.767197,124.483604,28.897863,60.83946,123.88452,28.919792,60.82625,123.24382,28.916384,60.773235,126.91383,22.411598,60.83134,128.03416,22.284859,60.90271,129.16977,22.19969,63.628796,125.34298,53.207054,64.15513,133.60156,25.62397,69.25018,124.58465,33.53707,69.09524,127.51037,25.489658,83.25488,117.10978,28.665874,86.8008,148.25505,51.825417,83.94075,92.33705,13.171782,91.29579,177.48077,45.426758,81.430305,65.679306,0.28785834,94.7452,198.19615,17.808506,80.03613,57.132877,-2.1252577,93.59854,206.10591,12.577659,77.69455,56.678135,-7.8834615,91.45787,204.73885,4.888553,78.33267,60.71607,-4.9767604,93.445526,203.42238,12.670575,137.7125,120.1302,-37.72931,141.80212,131.37755,38.04919,111.00684,159.72736,-37.69115,159.25484,166.13147,40.792152,105.7953,206.69034,-13.956621,177.84073,204.12448,53.562912,111.49084,213.80826,-11.9411955,186.16325,209.32442,53.52933,83.57795,220.01114,-27.82596,172.78915,219.31056,45.259968
4.jpegresized.png,102.78348,146.1064,-60.290245,101.15264,147.15007,-52.38083,101.49151,147.18634,-52.386448,101.825676,147.16843,-52.38058,100.398415,148.33061,-61.91712,100.16473,149.05646,-61.934544,99.95749,149.7607,-61.93184,103.58085,150.81691,-20.012745,102.23229,155.00343,-63.312443,106.78094,148.29382,-48.304432,105.75498,149.55428,-60.752876,120.4494,141.0501,-38.65797,116.839775,172.1003,-46.56534,123.81093,115.770195,-50.393356,120.31724,193.65915,-66.72362,120.38684,95.321075,-73.91571,122.73435,211.34137,-115.42436,121.70371,90.44307,-81.68216,120.33817,214.58943,-119.86782,116.63176,89.305695,-87.53421,119.8985,216.36066,-133.62947,115.71443,92.05481,-78.48669,121.97664,214.7708,-122.055984,166.4821,158.64629,-17.506214,153.26219,164.91771,17.777464,171.94989,190.4608,-20.612381,134.02756,193.6156,38.703648,186.45474,218.81659,17.33106,117.31074,220.96228,58.57863,189.29248,224.46414,19.44704,118.21903,228.04367,60.583115,179.47821,226.30444,-22.758385,99.45026,228.02129,42.117474
40.jpegresized.png,82.61561,130.38544,-163.31267,80.39698,129.5174,-151.92686,80.695175,128.2816,-151.89017,80.96308,126.99847,-151.8702,80.17471,133.79509,-155.32266,80.19084,135.40097,-155.24687,80.24747,136.97539,-155.17589,83.999146,127.726654,-95.73185,84.19586,141.08362,-105.616,87.57046,129.09282,-142.6771,87.060196,134.13354,-145.11897,100.54855,113.77243,-97.63722,102.516266,154.29735,-54.0896,93.93562,75.33865,-118.48215,101.58216,174.5177,-27.2018,90.20048,45.059616,-160.82948,91.12734,197.3732,-39.467255,91.108765,36.74727,-176.73064,85.44163,200.45027,-31.794489,85.275,38.057495,-183.64278,84.092415,204.97906,-51.71378,84.73226,42.622734,-167.22021,87.08289,204.03918,-47.392246,163.39156,129.18896,-40.713512,149.05186,140.24345,41.02217,184.38084,168.76605,-71.97648,120.34703,173.6201,90.18265,210.594,207.0276,-34.779583,108.332,204.14774,144.20802,216.79591,213.173,-34.34771,112.23099,212.35059,147.71687,202.3411,216.95471,-91.402954,87.276695,213.76329,132.67978
5.jpegresized.png,99.3184,109.99509,-73.59426,96.96866,108.33199,-64.84872,97.71333,107.47013,-64.89409,98.444786,106.56435,-64.91457,94.97292,111.81581,-72.00812,94.22977,113.30999,-71.99344,93.5387,114.7826,-71.97618,100.16114,109.34593,-20.735977,94.08525,121.2233,-52.103664,103.88821,111.90293,-56.727783,101.367676,115.943954,-65.78254,120.21377,104.80409,-30.26605,108.44836,146.5677,-27.543243,123.65576,82.05995,-39.958847,106.92161,170.89539,-26.445004,132.87169,62.44954,-67.99072,104.768654,193.43297,-59.907402,137.65144,58.348213,-75.63425,102.6778,197.05193,-57.92474,133.84564,55.154118,-81.59545,100.11449,200.0038,-76.80814,131.42856,58.198463,-72.740395,101.81163,198.46921,-67.82183,172.3606,141.01323,-17.471712,155.06908,152.03273,17.669538,190.90222,171.87952,-34.845123,125.164856,182.16507,20.003466,211.93222,211.06938,-9.430014,99.991135,214.0232,34.677746,213.5968,217.93013,-8.182896,99.68776,222.40242,35.545303,214.96323,216.17644,-46.3297,78.73366,218.1965,17.747787
6.jpegresized.png,99.3184,109.99509,-73.59426,96.96866,108.33199,-64.84872,97.71333,107.47013,-64.89409,98.444786,106.56435,-64.91457,94.97292,111.81581,-72.00812,94.22977,113.30999,-71.99344,93.5387,114.7826,-71.97618,100.16114,109.34593,-20.735977,94.08525,121.2233,-52.103664,103.88821,111.90293,-56.727783,101.367676,115.943954,-65.78254,120.21377,104.80409,-30.26605,108.44836,146.5677,-27.543243,123.65576,82.05995,-39.958847,106.92161,170.89539,-26.445004,132.87169,62.44954,-67.99072,104.768654,193.43297,-59.907402,137.65144,58.348213,-75.63425,102.6778,197.05193,-57.92474,133.84564,55.154118,-81.59545,100.11449,200.0038,-76.80814,131.42856,58.198463,-72.740395,101.81163,198.46921,-67.82183,172.3606,141.01323,-17.471712,155.06908,152.03273,17.669538,190.90222,171.87952,-34.845123,125.164856,182.16507,20.003466,211.93222,211.06938,-9.430014,99.991135,214.0232,34.677746,213.5968,217.93013,-8.182896,99.68776,222.40242,35.545303,214.96323,216.17644,-46.3297,78.73366,218.1965,17.747787
7.jpegresized.png,101.28871,130.04393,-78.38621,99.9014,129.36255,-72.335175,100.19892,128.85555,-72.36103,100.5011,128.30405,-72.35357,98.984726,131.33258,-75.84235,98.69258,132.07613,-75.86737,98.44522,132.82022,-75.84618,102.00498,129.34476,-45.343204,99.746956,135.83255,-60.297123,104.92907,130.55563,-68.44679,103.86933,132.79881,-72.63662,119.81355,124.664764,-56.590523,110.201385,153.75807,-37.637764,122.25927,102.76025,-73.93529,106.200424,172.86745,-38.123356,129.54411,84.94945,-97.39872,99.00441,190.52435,-61.691734,133.31808,80.43151,-105.96366,96.5051,194.03989,-59.86365,130.85545,79.71829,-108.59115,94.20829,195.04839,-73.25672,129.16275,81.73189,-100.36604,95.95796,193.84958,-67.773125,152.45007,154.91905,-15.832398,137.73462,162.14447,15.920126,164.55606,179.7285,-26.016977,118.65358,186.27835,18.109392,178.12218,207.49341,7.603386,98.62095,213.23332,33.50439,178.869,211.80363,10.102407,98.67631,219.98659,35.003567,179.3414,215.24416,-20.690628,81.89765,217.20865,18.491066
8.jpegresized.png,97.120415,159.06757,-27.834171,94.411,156.6433,-27.513573,94.5379,155.52771,-27.469584,94.60242,154.36935,-27.507273,93.951645,159.2006,-21.93896,93.75616,160.00432,-21.914942,93.590355,160.81067,-21.874855,96.180855,151.49779,-17.80371,94.65782,160.19618,7.269264,100.62187,156.91449,-24.43536,99.97407,160.3754,-17.45229,109.37739,144.14641,-25.712484,111.79198,164.34229,37.90713,111.56049,123.003075,-43.608658,113.43451,183.40602,81.43047,109.69865,100.2241,-66.90628,113.854355,205.98912,106.05365,109.29721,93.65483,-67.660416,114.551834,210.76025,110.47596,107.03738,92.502396,-75.609314,112.675385,211.70238,101.6092,107.85659,95.879456,-70.19153,112.895134,210.62483,101.938835,146.84032,144.07587,-29.03722,150.7537,150.7762,29.256506,133.80692,178.53064,-24.194242,166.61201,178.80434,29.70103,117.7377,210.29866,-20.47248,185.50343,201.80286,35.952255,119.21856,214.65285,-21.092457,190.5141,204.47125,34.33603,103.15568,219.09601,-37.622807,187.84251,212.50803,26.771437
9.jpegresized.png,68.86699,84.319664,108.3177,64.636955,83.56043,95.12253,64.65406,84.145454,95.143845,64.63344,84.677376,95.20443,64.698746,80.59999,98.521866,64.71625,79.20501,98.3736,64.79856,77.86781,98.20765,67.84429,83.54118,47.708443,67.96169,74.897705,64.983696,73.00981,85.26139,93.067986,72.80543,82.63131,97.83781,86.1429,94.28563,-0.09613453,95.218735,64.30641,72.84474,84.462006,129.88902,-20.859951,94.93025,37.52892,97.52322,73.617935,159.83609,-14.796491,82.616135,20.884254,132.30885,70.94678,167.78181,-19.098726,80.605095,15.216187,140.63551,68.45958,166.52094,-10.062151,76.8907,16.563576,136.49985,70.03332,163.94904,-10.547036,76.6617,19.388134,132.33517,139.39629,85.651924,-39.4457,152.08875,74.37006,39.346043,102.32993,123.050644,11.920353,176.77711,120.01227,45.892056,78.38145,162.16379,50.158016,202.1548,156.77599,79.81727,79.5269,169.37256,55.060387,207.39581,161.89517,84.111984,53.229767,168.84888,49.986122,202.0295,167.92148,83.38742
File14.gifresized.png,258.33594,343.5558,-292.10992,250.67654,342.321,-265.33264,251.9503,339.84683,-265.2966,253.18005,337.2702,-265.3414,248.03072,352.451,-284.13214,247.18806,356.80914,-284.11108,246.43323,361.11404,-283.87393,260.06125,345.359,-131.17883,253.91417,377.79773,-207.61584,271.7745,345.82556,-242.52032,268.15378,357.96912,-264.2532,307.7279,317.92722,-148.8429,306.56726,427.01868,-95.58616,297.48428,232.74277,-181.65117,322.78015,486.24567,-88.25468,280.1175,171.5674,-296.28217,302.5371,540.16833,-201.27179,283.55246,157.19475,-333.64948,291.30304,545.7758,-190.71834,266.18134,155.45729,-350.0144,285.59094,559.12537,-236.08658,262.8253,164.978,-311.95892,291.30557,555.73517,-220.08025,466.21634,375.06195,-82.59655,426.83334,400.2197,83.24346,502.20923,479.79105,-157.43626,347.40262,486.85492,147.88809,549.118,573.96234,-86.10199,301.91293,567.5756,200.0248,561.94714,590.42834,-86.72751,310.1678,589.185,202.59435,523.8951,597.1581,-230.72722,239.72955,596.8732,146.7894
File15.jpgresized.png,153.46942,311.61737,363.57507,143.75171,313.58017,314.35944,142.95772,317.59705,314.42407,142.28575,321.18744,314.20737,146.23158,300.7752,306.15097,147.31296,295.50348,306.06635,148.48903,290.56085,306.02438,153.94023,328.9004,129.38367,161.32957,286.76044,95.524284,166.98897,322.55692,304.2828,168.70544,309.03745,296.7598,215.2334,391.54034,9.007053,228.45107,261.18607,69.10385,235.41403,518.8669,85.78535,163.39691,178.54507,57.764317,233.46773,628.7954,154.04529,76.664474,96.673325,55.853092,235.69226,657.792,133.05746,62.76612,66.514565,32.83064,231.98593,650.77155,142.63004,45.94462,75.88265,13.56819,230.919,638.08624,154.7295,49.10927,89.1336,43.313377,382.12177,453.69202,-65.92387,431.55032,427.48285,66.1878,259.81833,574.9502,75.18735,512.6651,597.3031,110.36928,172.70369,677.91376,177.98264,583.00806,734.08887,231.42818,179.01135,698.66516,188.08241,597.88806,751.4423,247.52371,109.35736,699.84863,147.9468,609.2377,792.4147,184.77126
File16.jpgresized.png,235.41632,349.3279,-132.37152,223.8979,350.62424,-117.386475,224.4431,349.1462,-117.50247,225.00331,347.5441,-117.70067,222.12868,358.45273,-138.05469,221.40779,362.54092,-138.0414,220.8371,366.58286,-137.78673,228.7353,359.70203,-43.3307,224.94936,387.309,-135.17082,248.37976,355.94998,-103.76861,246.13557,366.18298,-130.56638,298.99078,350.08612,-88.247246,273.70886,454.35495,-70.59821,312.70453,274.09158,-141.25177,266.34113,522.1307,-71.80852,297.79773,196.70413,-220.66653,258.755,586.45087,-144.9593,297.0213,173.75653,-244.66875,254.3386,599.88165,-127.69108,288.7821,165.18283,-260.1425,246.97911,605.929,-170.74889,288.08432,177.60014,-235.23123,250.8903,602.8229,-164.527,451.48572,433.88535,-48.087337,408.91876,470.11414,48.56221,521.36194,528.6871,-104.706314,326.625,543.52423,107.81566,600.0844,625.5232,-56.986588,282.28134,631.18823,185.20728,607.62384,648.91986,-59.649284,281.8817,660.0628,190.79254,602.51514,649.45996,-180.24614,226.59026,635.76495,143.06503
File20.pngresized.png,154.34828,220.25378,-101.17662,147.00906,223.3146,-87.33863,147.2366,222.828,-87.414856,147.4752,222.27036,-87.50032,145.80348,227.94344,-107.16801,145.23099,230.54417,-107.15954,144.7416,233.07545,-107.025536,148.0205,232.11119,-23.229832,146.01462,248.15295,-111.557014,161.38963,225.39731,-76.69897,160.1245,230.69641,-102.33345,183.93024,218.96254,-49.367992,175.56532,284.47214,-71.104935,191.74751,164.93971,-82.99606,180.89276,327.87497,-92.156,180.4934,117.07475,-140.15979,182.79631,370.84558,-156.61555,180.8205,102.7342,-152.72128,181.10124,379.3773,-152.57373,173.08838,100.05485,-165.90718,178.10083,384.06592,-182.2539,172.46416,107.693825,-150.35956,180.31372,381.04816,-169.96371,281.93384,258.92618,-32.685036,257.2821,278.5753,33.117226,309.5661,324.3818,-67.43355,207.16719,336.89856,58.29041,347.45728,391.69467,-25.25995,178.51875,386.55338,90.25529,354.02325,405.5102,-25.231148,181.12317,399.01364,92.472565,340.12256,409.32272,-95.36763,142.54724,401.93698,61.174774
File21.jpgresized.png,726.2478,553.8636,-628.0975,751.3909,550.1748,-592.93774,757.25616,558.6486,-592.6497,763.4603,567.3825,-592.6991,734.8314,525.0978,-597.5701,728.7362,514.7982,-597.5153,722.5032,504.6285,-597.5704,757.8508,584.2686,-362.46167,702.7421,496.16943,-379.99997,713.02185,583.22876,-540.0516,691.25726,550.7241,-545.0505,678.04926,662.0547,-195.2625,617.30206,517.70233,-179.43777,686.40753,783.4362,-166.17747,589.9252,408.40164,97.00883,719.0672,895.8871,-316.52313,554.609,293.5239,228.50038,723.0792,934.52814,-335.6944,538.9243,266.10275,260.41916,741.5077,939.0242,-402.687,552.4704,262.8914,221.78186,733.7937,926.8621,-352.06482,554.14624,272.90204,209.68236,422.91003,733.70465,25.897354,355.58435,671.99335,-26.35553,541.63153,857.2237,198.78564,286.32553,871.00055,-43.3476,610.8352,1013.8645,537.0462,238.25694,1065.992,195.00902,604.33246,1036.8214,566.5562,224.02173,1097.8018,212.13693,650.4576,1065.8679,476.7865,212.47578,1112.3344,34.207546
File22.jpgresized.png,498.46268,276.65778,-167.1116,513.2224,285.90485,-167.7126,513.9431,289.6848,-167.60774,514.9557,293.78104,-167.72937,511.2547,279.5174,-143.23958,511.08066,278.5769,-143.29381,510.75107,277.70578,-143.50407,508.87112,318.2982,-152.3675,504.48785,294.41833,-36.59857,486.20023,295.03683,-162.84738,483.8118,285.52982,-129.23036,445.9786,392.667,-111.94681,442.77567,290.15277,-83.29427,444.09003,501.4369,-141.67,547.03467,240.33763,-171.0088,461.22626,578.056,-247.83948,623.84503,234.25803,-274.4706,469.23218,595.70984,-268.5523,644.0653,229.49367,-340.84796,472.12396,594.73474,-311.06638,648.39343,238.01938,-334.59933,463.72427,588.371,-271.62186,641.0758,246.75684,-288.80417,302.27045,415.13367,21.603676,246.44987,372.20688,-21.47635,391.83704,510.56537,43.813446,148.13606,485.09637,-70.19371,468.82773,636.28656,115.63528,84.241394,596.00275,57.13393,467.61627,663.5144,119.06374,78.737915,609.40454,68.76119,528.66125,643.6729,16.389093,61.124084,621.828,-59.947186
File23.jpgresized.png,691.23193,378.68994,-160.77905,705.2746,383.8387,-155.5001,706.3922,386.70517,-155.49786,707.9083,389.74957,-155.69928,702.72046,378.46155,-133.0257,702.5328,377.15204,-132.9299,702.2621,375.9516,-132.87848,704.4668,405.9499,-126.10445,699.7621,386.81168,-26.153385,682.059,392.82602,-150.69266,679.0094,385.11282,-121.27293,662.08875,470.06943,-84.77165,627.432,380.75586,-77.26993,651.4788,567.486,-117.03987,638.6477,314.1582,-177.31882,654.115,658.2631,-225.97229,667.23584,232.52815,-296.74,652.4405,680.4626,-239.89241,667.5433,206.75325,-350.064,655.0704,681.38763,-299.85834,682.791,199.20236,-345.72263,652.22754,674.4343,-252.71222,684.34796,208.74152,-310.5813,535.6968,530.67145,63.221657,477.87735,513.51385,-62.557125,612.21063,647.139,93.76676,424.2229,624.48785,-84.87292,670.7809,752.5047,151.4731,360.10587,724.975,41.96288,669.46136,773.2563,155.27405,353.08423,735.10895,44.79944,721.74286,784.0333,42.661247,358.6624,770.19525,-147.79065
File24.jpgresized.png,328.47534,410.02393,-344.1263,318.8324,405.20276,-316.63,320.07263,404.028,-316.56183,321.49692,402.64465,-316.45282,314.12152,411.90857,-339.09793,311.3236,415.25668,-339.28616,308.86713,418.69385,-339.50003,322.04166,415.74896,-176.98236,305.02368,437.9193,-275.24582,338.10242,421.1165,-291.8645,330.82556,429.44275,-320.15985,369.3778,436.72925,-137.08875,326.3849,540.2209,-222.36646,313.16772,355.32263,-197.50598,290.04565,665.982,-203.30908,233.01143,240.02734,-285.3984,268.1281,787.89124,-264.10297,211.46344,208.08502,-310.14734,259.4035,823.9293,-259.1938,206.25674,200.85034,-337.43478,267.28326,815.9809,-325.84674,215.64143,212.42633,-305.08923,275.59866,802.31683,-288.5202,525.6091,611.40485,15.010419,471.50812,648.8999,-15.316616,649.1013,751.07324,-12.773955,429.4552,676.20013,14.189916,729.02185,829.1561,136.87474,333.12585,646.2394,256.1586,737.72736,838.51483,152.52164,325.8938,642.5988,278.29282,764.6989,849.7766,84.02683,289.83582,641.55054,260.394
File26.jpgresized.png,167.13826,220.97539,-73.018906,162.08325,221.10654,-68.37487,162.25795,220.67436,-68.393845,162.42863,220.16641,-68.42656,161.68617,223.39246,-76.29703,161.48349,224.41563,-76.25129,161.34265,225.43442,-76.15776,164.11719,224.00694,-32.258045,163.64014,232.30551,-64.9157,172.39864,223.55205,-57.87042,171.7609,225.98302,-67.23676,188.47208,211.3782,-56.960438,189.58348,261.95142,-22.163876,179.6716,170.82913,-88.01667,193.73668,297.20184,-15.171728,171.48581,137.47528,-126.0336,188.4217,327.5795,-50.782352,171.34377,128.35641,-139.7147,184.31517,331.8826,-47.748623,164.57162,126.47751,-145.30223,180.79504,336.2806,-66.781525,162.97025,131.5715,-131.79776,181.8792,335.1264,-59.147377,277.67694,245.15353,-34.38235,259.225,258.68735,34.711533,305.6753,298.2312,-58.45484,219.05768,309.29294,47.203552,337.6459,341.57544,-27.979506,184.73372,352.91043,71.85297,344.10812,348.54562,-29.099047,185.38232,365.03403,72.785385,329.97296,350.09164,-99.6969,152.38104,361.8946,36.249695
File27.jpgresized.png,645.7263,739.06805,-326.2578,632.6558,749.41223,-265.19107,634.06476,750.6196,-265.37222,635.48157,751.4571,-265.42014,628.6171,757.7013,-342.24713,626.96716,763.62805,-342.30496,625.47253,769.48926,-342.00327,640.4889,784.80176,-31.553143,633.89996,812.1947,-367.1022,665.78577,757.8656,-238.13226,660.35205,766.7139,-334.54236,731.59796,747.96265,-127.13951,716.8733,935.9812,-269.85242,759.084,604.6626,-151.30338,748.76086,1032.8539,-422.53967,748.92346,493.57138,-338.95508,743.4465,1117.0457,-716.89185,760.8716,465.46854,-402.3379,724.77,1132.1422,-750.3788,732.2395,461.84973,-425.49234,716.44574,1141.9297,-819.4645,723.96,480.9474,-367.40494,727.89746,1138.4841,-752.0878,1006.82996,866.81396,-98.198875,930.32025,907.20874,99.180305,1073.0593,998.8627,-154.22977,803.19336,1059.9714,291.76434,1161.792,1148.9398,133.71341,711.19354,1185.4751,494.95163,1173.771,1182.9374,146.84273,719.30054,1224.907,515.3233,1131.2351,1182.4069,-134.59203,597.1249,1214.3315,405.1281
File31.pngresized.png,80.37234,145.29424,-130.14035,76.97467,145.32938,-111.82903,78.0091,144.49467,-111.845894,79.04125,143.55226,-111.9433,74.31279,149.89507,-123.96046,73.4756,151.88681,-123.91603,72.73148,153.8789,-123.698746,82.64241,150.18076,-38.35526,76.012695,164.95905,-88.555595,89.398026,149.34015,-103.91363,86.24918,154.35078,-118.51009,120.20643,137.13931,-86.12652,109.40192,207.01854,-37.064095,126.75166,89.15967,-173.61687,112.76036,245.39914,-33.677658,114.766365,43.89014,-276.6073,99.64485,281.6473,-79.175385,115.07301,29.465012,-309.205,92.30327,283.0858,-65.49246,108.11883,28.189768,-306.09705,87.64917,292.15082,-95.30151,105.95354,37.217636,-283.58633,92.183586,292.28046,-91.53743,212.3526,190.27986,-53.853622,184.34464,204.42249,54.024868,252.27951,242.63292,-92.017456,123.82645,247.1695,83.40586,301.498,294.37903,-24.950678,79.67008,297.28635,122.62118,308.0031,305.25525,-23.447912,80.5119,315.56384,126.207436,294.22745,305.43997,-117.90579,27.85096,298.5616,91.73188
File32.jpgresized.png,293.7108,307.83047,-564.29004,287.5696,310.54776,-555.35455,286.21945,308.8782,-555.40814,284.79132,307.10486,-555.4397,291.41037,317.80884,-567.063,292.6673,321.3045,-567.0716,294.15067,324.72043,-566.967,283.68744,311.75775,-462.83572,296.71805,337.3455,-526.2329,298.58957,306.94867,-525.313,301.20587,315.85257,-543.4173,300.245,290.55502,-385.1394,324.57492,372.1758,-438.98822,296.00778,222.28035,-358.95148,332.10202,433.2734,-499.89633,286.88208,158.55212,-415.63727,336.625,486.57056,-549.6146,280.20422,144.93999,-430.0998,340.29626,507.25427,-566.9686,277.16837,140.24303,-466.56558,330.09103,502.58185,-583.55756,283.323,145.81544,-432.1307,328.0954,494.06964,-559.94135,391.79077,337.99564,25.965376,381.5328,370.692,-25.711012,416.33203,396.64172,275.79324,348.96744,467.11908,87.11815,425.92422,440.25378,591.932,299.5359,557.67096,262.57922,424.5997,442.73798,622.55695,294.67764,567.6701,277.34827,436.75928,463.70996,574.0105,279.12088,596.27734,202.72772
File33.jpgresized.png,65.92386,114.13816,24.867493,62.536568,116.33453,12.860522,61.589706,118.03698,12.89295,60.63446,119.66961,12.966318,65.388985,112.502045,1.7297833,66.24182,111.554825,1.6662372,67.16211,110.61282,1.6243666,63.06691,123.50883,-21.1274,71.59233,111.36264,-69.51684,69.03062,117.20899,15.470413,71.288795,113.46926,1.5943081,81.19858,144.53058,-28.388605,91.68019,104.58984,-76.77936,83.19156,167.28104,-37.2506,82.59561,67.28219,-100.93732,81.154755,185.27151,-57.156315,73.36,33.701103,-130.84319,71.3617,188.00703,-75.96245,74.914566,24.948517,-137.7469,71.025406,184.3243,-64.58386,67.22227,25.541435,-146.09639,75.36729,184.07124,-54.50957,64.89053,29.956146,-132.19917,141.98961,135.81487,-4.5613565,147.39665,125.66434,4.6828113,140.11504,172.22513,31.02069,152.08224,166.03911,11.023289,140.0481,210.56593,55.84588,138.59103,209.83295,45.63504,143.53268,218.08725,56.428513,137.3954,220.41394,50.046936,123.53933,220.66605,50.74427,132.72372,210.57428,50.57254
File34.jpgresized.png,536.9794,1017.0242,-353.0081,513.14374,1036.3674,-277.2808,515.38806,1036.6624,-277.4076,517.52405,1036.4412,-277.68008,507.32214,1053.2172,-384.63443,505.43628,1062.972,-384.7521,503.8089,1072.5831,-383.8361,529.3023,1086.8916,48.488537,522.54034,1138.5197,-418.83493,572.3274,1041.0563,-225.95987,565.3299,1057.0566,-360.3377,673.7701,1006.32227,-145.8867,668.95496,1296.4185,-198.06195,687.58014,778.7416,-317.21313,681.35474,1483.9412,-285.9635,677.93365,559.8,-655.5603,693.1439,1651.0935,-643.8419,691.17255,495.14722,-784.7588,663.2759,1678.2335,-664.20276,651.83374,489.28058,-792.8775,662.4839,1702.9879,-806.6744,642.91974,529.26154,-698.063,684.9517,1697.5288,-707.3908,1171.202,1134.6018,-234.44092,1046.3378,1191.95,236.12015,1331.8171,1411.7576,-471.19788,814.6488,1435.0354,381.4508,1533.1501,1677.9685,-205.34793,696.90967,1685.9192,540.6329,1559.76,1727.6965,-193.18713,716.66583,1757.7925,559.64703,1479.37,1748.3672,-610.5538,503.41913,1751.8254,432.55914
File37.jpgresized.png,123.84379,186.77457,81.89783,118.94298,187.95103,90.071075,119.318474,187.43076,90.0827,119.59799,186.81027,90.014465,117.83195,190.91396,77.383804,117.425514,192.62971,77.330414,117.04311,194.33624,77.30276,121.60194,192.9507,120.14618,118.66536,203.32019,62.496758,130.0824,189.56085,94.68149,128.50012,193.229,77.846466,145.6688,185.46722,80.15642,140.26176,232.16785,78.1506,160.60545,149.4518,80.99558,143.51709,281.7654,42.79717,146.76102,97.516396,85.31229,148.62108,312.29504,-9.251933,141.68036,84.31008,87.942055,146.22307,321.63812,-17.633589,133.85452,80.214134,82.030716,143.1854,320.08377,-31.224564,135.61214,85.943184,79.741066,145.89485,318.74817,-17.721487,212.19507,193.40758,-47.65725,219.98088,206.72293,48.160847,168.2964,240.81387,-57.72252,252.94406,248.04161,28.735521,162.44406,299.9899,-34.116943,287.834,293.4944,50.256245,170.4575,308.33832,-33.129803,297.64948,297.6215,50.532444,135.87477,316.0986,-41.64758,293.3337,316.6208,51.350327
File40.jpgresized.png,216.96887,509.44482,69.77682,204.11153,512.0569,22.765736,201.68541,515.3267,22.61286,199.32898,518.4684,22.58238,210.36826,503.47906,13.794857,211.78677,500.71295,13.85372,213.4441,497.80963,14.1012745,203.9505,523.56085,-100.592545,222.92657,498.11594,-134.7374,226.93149,515.7494,35.135,231.39752,507.2865,24.176619,275.44846,580.5972,-193.28136,299.69336,466.0191,-77.27395,275.60388,672.4196,-267.59656,304.36447,341.72632,-101.315994,256.93576,755.5514,-246.88339,291.67313,220.14488,-172.14131,230.37228,771.10046,-281.30826,298.93393,187.18173,-170.90889,229.81923,759.5509,-241.64978,279.57214,182.9385,-192.39438,239.14638,755.1443,-229.91829,270.52536,197.81686,-174.57271,517.36804,568.4657,-110.6253,500.20963,539.921,110.62097,517.7191,710.77545,-87.584404,435.2539,665.97015,136.34343,530.505,845.08185,14.624396,354.52673,795.40125,258.55057,543.7284,867.4903,17.137161,348.28564,821.35114,265.68195,480.03598,892.8161,-88.15101,307.74854,819.198,167.40279
File41.jpgresized.png,537.2195,608.5132,-286.82986,523.60754,607.4598,-263.67715,524.45996,605.4616,-263.6755,525.32886,603.20624,-263.56607,521.24835,617.0325,-286.4894,519.9499,621.4958,-286.54166,519.01624,625.9046,-286.58127,531.996,612.9295,-133.72739,525.22736,648.783,-238.25969,555.57666,614.91675,-239.14508,551.7548,626.8865,-268.57037,610.93756,572.38745,-195.07393,611.1734,746.7155,-134.98732,578.7445,440.90958,-258.55475,624.4118,874.51373,-170.07687,511.32208,335.5257,-380.6229,575.03314,993.15814,-296.49722,504.42612,307.67044,-421.98483,560.50146,1012.43475,-302.84094,480.67114,308.14056,-450.9278,545.0845,1024.4023,-372.2995,480.93515,320.58615,-403.6363,550.80756,1014.4165,-329.56998,876.17676,709.87274,-73.78765,817.52435,768.38324,74.472404,970.32513,845.6736,-98.42378,654.2636,915.43097,77.6668,1066.3196,971.75006,63.85292,512.7743,1043.6981,166.40631,1079.5737,985.9554,75.78881,511.25742,1064.8683,173.58762,1086.298,1017.2654,-94.86369,425.07132,1098.2518,57.10176
File42.jpgresized.png,279.80865,387.06787,-165.88388,272.4959,390.75806,-144.77992,273.32208,389.8169,-144.73418,274.09958,388.71954,-144.78017,270.96814,397.87213,-167.67676,270.5956,401.3058,-167.58498,270.3521,404.6734,-167.36583,280.80536,401.09247,-47.419704,279.00497,425.48465,-145.33913,293.9525,393.16943,-129.84058,291.98376,401.08533,-157.70953,330.53418,366.03937,-102.53872,334.45013,485.90527,-70.85597,317.35693,268.36136,-159.07335,335.7949,552.1036,-81.87402,309.7729,191.79175,-264.48203,307.67773,617.1759,-153.15256,316.48315,170.73135,-296.5341,294.8729,625.45917,-139.87224,299.86566,171.8316,-313.51456,287.20822,639.64795,-184.08778,296.47946,183.41489,-280.372,293.40244,637.1129,-171.74294,504.06052,417.18793,-71.46764,465.36374,453.00482,72.19492,569.5724,525.15466,-125.013435,383.8529,549.7027,113.61258,639.0059,623.0197,-48.53371,332.8881,641.3913,161.65833,653.3479,639.841,-47.977966,340.36395,663.62573,165.42488,623.99695,647.7863,-173.49933,267.33154,672.1899,117.45491
File48.jpgresized.png,319.26968,368.25015,-295.7874,310.50507,370.14194,-268.1375,310.6106,369.02872,-268.20938,310.7574,367.73267,-268.14816,309.74078,377.30518,-295.2625,309.61172,380.64148,-295.45273,309.63232,383.9133,-295.43625,315.34076,376.14728,-140.45486,316.59814,401.05237,-260.80728,331.75168,372.22076,-248.83867,331.10016,380.10788,-283.0985,381.8938,345.3042,-165.13701,371.64923,468.1626,-185.1405,354.66602,238.20279,-220.50854,381.29214,555.2297,-195.12944,345.9692,158.24347,-343.376,384.6244,642.16644,-303.5787,350.50262,137.15018,-392.10782,378.82614,657.73883,-297.2517,337.69125,133.62756,-406.27728,372.5109,664.7576,-362.82263,334.35516,144.0001,-361.6401,378.72574,658.1651,-330.20435,563.0418,447.56647,-54.61482,505.62262,476.4029,55.172718,614.42194,592.9409,-122.846306,434.23038,594.80853,62.70809,668.76556,718.20496,1.3703433,355.42853,710.94104,131.63435,672.16846,739.08923,9.520373,355.6825,739.7551,138.7498,662.2258,750.1621,-133.66824,286.15976,732.5157,59.48086
File49.jpgresized.png,98.044136,254.77676,-299.27783,91.30744,251.33018,-285.48422,91.5559,248.40201,-285.50455,91.79156,245.36969,-285.48123,90.70634,259.96445,-291.0724,90.467636,263.40677,-291.10245,90.35541,266.83707,-291.04694,96.290306,244.0892,-197.12508,94.87489,273.23776,-221.01167,106.96587,250.99533,-264.85638,106.03837,262.27417,-271.5461,138.7159,225.19244,-145.02118,130.05087,304.32944,-168.9262,149.02686,167.20883,-143.49573,135.67401,355.36945,-200.29681,164.45538,123.77171,-209.72604,129.18916,404.31924,-297.97742,169.3591,109.51822,-221.45628,125.7084,415.4579,-305.77628,169.90555,107.64657,-244.42262,121.573715,417.92938,-336.20853,169.3566,115.388725,-222.94838,124.775566,412.78818,-313.335,243.9627,289.76013,1.3295985,218.3601,314.7628,-1.1615263,293.72815,362.3726,-13.396931,197.4998,385.06665,29.812561,312.013,416.40097,131.86075,144.35619,439.6185,168.62808,312.94434,425.34915,144.72313,141.52576,448.83017,183.08058,317.90942,431.22903,98.96195,116.00306,459.51266,169.37279
File50.jpgresized.png,497.879,567.37933,-118.793045,487.0252,566.931,-90.24418,487.18936,566.7535,-90.39668,487.4563,566.4222,-90.4456,483.3113,572.0609,-122.68645,481.20728,574.9952,-122.72749,479.29077,577.9032,-122.61796,481.94794,580.5506,23.022343,472.4861,597.69885,-119.07362,503.85956,579.5929,-75.56683,500.11157,584.72406,-117.01535,545.11346,585.22876,-23.440687,496.6243,685.3702,-54.008354,556.5751,500.6153,-79.67043,520.5559,766.109,-74.04167,538.6443,405.79584,-189.72475,538.6029,842.1837,-176.20682,532.8268,379.74988,-227.40253,538.27386,854.92017,-170.55946,524.28424,372.49326,-240.2391,533.367,865.82764,-234.15764,526.15076,381.38306,-207.57309,537.7213,861.1462,-202.70618,668.8695,728.699,-69.78623,612.1078,750.29205,70.15799,761.0436,826.40045,-141.22092,519.8904,820.8029,21.764675,861.9785,909.78766,-78.96165,509.30322,907.02515,114.72777,872.3519,913.57214,-78.003174,518.14417,921.17053,120.81375,872.4372,947.56494,-218.02158,461.0101,930.67755,67.46413
File57.jpgresized.png,186.10187,324.8424,-157.99304,182.96951,318.6201,-153.4849,184.32799,317.08694,-153.49529,185.69217,315.4282,-153.4417,180.20767,322.28598,-148.31754,179.5965,322.9394,-148.41425,179.0846,323.62888,-148.30774,192.25917,311.84122,-104.86502,185.0603,322.4146,-78.43267,197.0419,323.87454,-137.69026,193.70702,327.20325,-129.75491,239.34232,285.97696,-126.98812,224.77655,364.3357,-1.4064546,235.18054,218.81174,-185.39767,217.61197,426.40305,35.658783,245.8518,160.87717,-277.14896,213.48376,484.69354,-20.341599,250.59692,145.35669,-313.16107,205.2997,494.86636,-5.6122403,241.77194,140.81064,-322.8592,199.85695,501.4646,-46.31914,237.75813,148.88663,-288.1414,204.38008,498.54102,-36.920353,378.4355,362.30325,-76.65004,337.68478,376.8521,77.1287,419.92444,467.48758,-143.22491,275.35358,453.49823,102.39295,465.54883,549.55035,-77.298035,232.16855,534.9024,150.3218,473.81693,563.2863,-77.240395,236.93019,557.8,152.56621,445.1885,568.83716,-200.78728,167.26688,552.9929,109.8334
File58.jpgresized.png,247.09517,338.83688,-149.00076,241.57385,340.28647,-129.49446,242.54184,339.40857,-129.44965,243.51216,338.3519,-129.55481,239.39899,346.0551,-147.29158,238.79921,348.8135,-147.28658,238.31818,351.54935,-147.09767,249.07384,348.46762,-41.974346,244.3845,368.15683,-117.03678,258.93655,344.32776,-117.02025,256.1923,351.09427,-138.4442,296.22955,328.01236,-91.51388,286.50888,420.8896,-55.39671,286.21295,253.33328,-179.8086,272.61975,472.60556,-66.149826,281.49585,206.88553,-323.83496,248.81143,526.9274,-151.18857,288.05118,194.1029,-365.17566,237.46307,534.2769,-150.158,276.42084,195.12955,-372.5454,232.86354,541.29626,-183.13347,272.67767,202.87909,-335.98755,239.19553,538.92444,-167.1295,424.283,384.786,-59.19548,388.55118,409.814,59.759075,468.8724,464.34842,-113.431625,307.55035,484.2674,90.897964,519.71344,539.12976,-33.552525,257.5098,561.7672,147.7997,524.64514,553.6813,-30.712477,259.25104,583.6314,152.49953,515.35895,560.8805,-150.59872,202.27548,578.9227,97.756294
File62.jpgresized.png,368.59235,548.23145,-375.3251,359.69608,550.46265,-341.0839,361.1534,549.1615,-341.00177,362.56503,547.685,-340.89212,356.8145,558.8823,-371.27377,355.96375,563.2561,-371.34213,355.19525,567.50195,-371.38538,370.29407,560.5896,-178.98245,364.89755,588.4894,-314.8383,385.01184,553.78394,-314.97406,381.04077,563.95245,-353.79327,435.66095,521.93665,-237.15224,422.83047,649.45026,-198.3898,449.27536,416.3934,-289.36145,447.13217,731.1682,-276.2533,436.16864,335.239,-401.39105,445.17755,798.248,-514.9674,441.71622,316.1789,-446.74194,432.43048,812.4637,-537.66815,417.85608,314.10608,-473.77728,426.64853,822.2285,-594.06964,413.57443,323.61768,-422.49738,434.36902,816.8977,-542.7764,626.6355,595.54254,-92.21241,573.3844,620.3147,93.363075,654.92535,721.28253,-124.08107,483.30676,729.74646,178.8259,708.78,839.7523,35.88366,416.7454,835.43005,277.98868,719.64374,860.85333,43.470184,421.91013,864.6416,284.30725,688.4235,869.2334,-141.4984,346.42932,864.0724,196.48541
File63.pngresized.png,290.0678,334.63303,-461.67657,276.47363,328.96094,-450.908,276.53937,324.55713,-450.99692,276.59512,320.05093,-451.0728,274.01846,343.1526,-459.2789,272.51733,348.80734,-459.26706,271.2691,354.45303,-459.06738,274.22995,319.53632,-351.6658,266.8009,366.95438,-398.8762,298.43457,331.70346,-421.21988,295.72034,348.42694,-434.49606,312.50027,304.2866,-263.5208,289.12143,406.85007,-297.00662,327.3576,231.55403,-232.62073,290.3961,457.37457,-270.7293,343.35742,178.174,-290.10757,271.9252,515.83124,-223.51338,347.68436,161.75624,-310.12915,265.60825,535.12006,-224.80574,341.8448,159.93538,-334.0489,258.38647,533.5632,-255.26874,342.34213,168.1661,-305.92825,261.34778,526.0663,-238.49184,397.48126,396.24533,21.928173,360.71796,431.22833,-21.695736,441.1975,471.41824,171.65593,311.25952,496.8963,16.740364,475.61932,529.8766,367.89478,255.54883,572.2295,73.827354,477.62634,538.90234,387.64093,253.654,586.8823,78.96325,492.43716,549.831,339.8851,219.10036,596.4719,22.350685
File65.jpgresized.png,199.39314,357.43274,-19.907976,185.09178,355.63358,-3.0861142,184.94969,354.47238,-3.130555,184.89922,353.1273,-3.192821,182.71724,363.05255,-26.884726,180.85641,366.74435,-26.934566,179.12202,370.47757,-26.870573,180.37479,367.5092,64.11876,172.62447,393.5134,-42.284138,207.0883,369.39478,6.5609984,203.8515,378.3308,-24.737064,239.90793,383.12137,38.28947,202.43681,476.13742,-5.428988,239.54567,298.6591,36.274845,199.29631,568.8637,-53.854908,219.7908,206.28609,-19.432043,197.15616,632.74695,-163.69911,214.57672,179.19669,-53.409397,197.62198,653.03265,-166.31291,208.96944,177.81718,-61.207905,199.14485,645.7599,-209.47556,212.27284,189.25032,-32.76472,202.55672,637.89636,-183.12683,381.41312,500.44666,-28.780924,331.25177,539.57153,29.263365,481.02002,582.8939,-78.767426,242.16156,589.21625,-53.845398,573.983,650.5877,28.9596,230.9409,653.16394,58.936195,583.6498,659.81116,35.959976,240.5227,659.8229,67.34665,603.88324,685.748,-66.19138,197.62512,692.1516,2.7371686
File66.pngresized.png,313.38632,381.12408,-182.78143,308.65347,383.186,-149.15395,310.17145,382.23785,-149.14882,311.65134,381.1238,-149.24214,305.0915,390.59787,-178.9211,304.05014,393.91333,-178.85828,303.1309,397.1709,-178.54617,319.5793,393.32794,-7.9530635,311.87128,417.38776,-132.96907,328.6504,387.62714,-131.01471,324.25903,395.47794,-167.21568,376.12836,358.20377,-72.21076,376.5011,479.97495,-45.743107,365.66806,256.30774,-129.55064,395.9882,550.0059,-28.109694,355.1037,186.6318,-274.19797,366.86554,621.24884,-112.02967,368.76788,167.2716,-325.0721,351.4549,627.3554,-96.875175,347.5419,171.12129,-338.88446,342.60425,646.9359,-156.47575,339.8256,181.99544,-292.72012,351.6481,646.56946,-137.51088,562.8601,436.8084,-88.39586,509.1176,458.92276,89.06668,610.658,548.5475,-171.49344,424.6756,569.7151,88.46261,665.84827,656.96844,-46.62722,340.90854,675.19696,131.86642,675.0458,673.21405,-39.65643,344.6728,699.5354,136.45612,648.04407,680.01135,-187.55757,263.12457,705.4388,65.349174
File69.jpgresized.png,99.46753,192.87166,32.55056,94.4834,192.93782,42.47437,94.58416,191.76624,42.51141,94.5517,190.51717,42.500755,94.60108,197.31868,32.23188,94.75028,199.26309,32.036312,94.91768,201.23354,31.914799,99.053474,192.98991,83.98103,100.14184,207.64378,40.624935,107.1427,192.36923,48.787346,107.03165,197.77956,36.251083,128.88014,178.8203,43.777573,134.63089,228.24113,83.075455,129.73718,141.56798,21.368507,140.30844,273.323,85.82487,125.049286,99.99969,-5.7411237,146.02138,305.37027,47.318962,123.01098,86.69485,-12.408188,143.84277,317.2401,38.14833,118.80597,86.483284,-21.177485,141.09799,315.21097,24.098978,119.790665,92.73174,-14.523621,144.59537,313.46646,38.425667,213.03009,183.60822,-62.564644,219.01672,200.87584,63.027782,173.98653,246.71497,-66.59381,247.7373,257.10843,62.75792,165.7667,318.3833,-35.229374,277.61163,315.1406,74.81025,174.61253,328.60388,-32.648575,291.18573,322.88446,73.83758,131.10571,339.76266,-60.16228,269.1569,339.543,60.60735
File70.jpgresized.png,432.91293,664.25354,-350.0314,404.8854,671.6324,-261.1947,405.51538,668.6952,-261.37262,406.2777,665.3811,-261.75916,394.5511,695.20166,-365.10312,388.87564,707.1764,-365.22653,383.4976,719.0306,-364.7591,383.16324,710.01306,84.95147,361.1891,785.00964,-360.75363,444.35422,689.3906,-217.92336,434.22498,712.6788,-347.65836,490.76556,702.89484,-38.383514,384.80383,956.2945,-175.90143,521.1513,571.8617,-279.4804,375.55545,1083.1732,-135.28448,511.29926,411.3706,-600.03406,394.1925,1203.3142,-196.10986,522.07086,365.1125,-707.08344,376.4945,1223.3634,-135.04295,497.24954,351.59027,-683.2096,377.20526,1237.7166,-255.62073,485.34723,378.8293,-623.7383,396.98264,1236.3992,-237.1956,765.6137,940.93115,-172.17336,642.7252,991.21246,172.56577,899.15607,1092.8535,-307.73825,471.404,1103.2267,275.51663,1052.5857,1238.953,-99.31422,415.00162,1202.3134,394.02142,1062.4786,1264.0525,-88.67884,430.3599,1241.2108,407.1754,1056.0315,1270.6516,-365.36658,286.06714,1217.1191,376.3278
File71.jpgresized.png,357.71057,303.2996,-240.55246,344.39694,293.82596,-217.71332,344.7208,291.98816,-217.85219,345.2157,290.04935,-217.82356,339.88077,301.618,-241.51784,336.7454,305.35815,-241.70828,333.9344,309.1094,-241.62843,340.07724,298.1352,-93.986115,324.07565,325.17227,-213.86856,364.61823,314.5763,-195.5552,359.1902,324.1885,-230.13618,404.94223,323.38336,-61.321976,346.26205,439.42453,-171.85864,410.97958,215.70065,-95.27908,341.34955,565.54285,-243.72214,390.47684,99.322914,-161.0738,311.08478,686.5362,-339.731,385.10297,64.80505,-183.07686,301.22366,718.83075,-333.40952,384.53073,56.66877,-209.84125,291.5474,717.57404,-397.3296,386.91107,69.74287,-181.3059,298.52237,704.5625,-367.92627,557.4315,540.2745,26.476982,483.73688,573.6492,-26.128286,639.4482,654.73486,103.19994,366.83664,690.3345,-36.54891,708.01056,773.8826,292.22406,246.01117,815.1454,44.586456,710.425,793.1181,306.56946,240.00807,841.0192,45.895214,747.4548,802.1244,200.07265,182.34465,833.7081,-88.25021
File73.jpgresized.png,62.538902,161.03429,-42.76813,61.88449,159.23706,-21.458143,63.36199,158.29051,-21.407282,64.78813,157.1794,-21.308622,57.62603,164.22873,-33.66809,56.082912,166.5763,-33.81311,54.567894,168.90428,-33.850197,69.82031,163.40572,61.23056,57.694748,178.63123,10.375048,72.38725,164.1389,-14.006978,66.947624,170.07242,-28.427523,105.75005,150.74008,20.214878,89.94549,224.36603,52.496986,104.88686,96.973145,-10.0411215,88.836136,281.51404,35.802387,102.34747,50.75743,-66.12099,82.17068,333.15036,-36.871437,105.69199,34.83056,-95.27841,70.76585,347.79245,-51.314827,98.476364,37.498882,-101.132515,69.57486,344.1193,-79.2224,96.53341,44.996464,-78.15527,75.68813,342.14786,-53.473854,199.4261,202.58325,-72.41046,200.27278,222.77802,72.82915,141.8007,250.89516,-93.15572,252.89337,281.59744,61.484524,125.21501,333.8574,-68.983536,309.32498,331.21286,43.41056,130.45486,352.20236,-70.135414,323.92722,334.95474,39.196968,88.80165,349.10547,-130.65048,312.16812,375.5141,2.8115609
File74.jpgresized.png,151.78809,212.5075,-230.87488,143.00462,213.0813,-209.66942,143.60472,211.88196,-209.74048,144.22966,210.54532,-209.76773,140.66371,219.8363,-233.6348,139.60919,223.03854,-233.62056,138.71515,226.18927,-233.51527,144.81718,219.59341,-104.183685,139.43556,243.01897,-211.5923,161.2695,217.64542,-190.44632,158.56596,225.07417,-221.2917,196.10052,198.08159,-134.91202,175.3649,301.79605,-140.14021,197.81522,120.76033,-170.1648,162.55676,371.17554,-153.04047,200.43436,53.5733,-279.67465,156.8732,435.22318,-242.66045,207.68419,37.42606,-313.9475,152.7316,445.41797,-238.02237,194.3308,33.101196,-323.98764,147.51868,452.47705,-291.15314,190.26672,41.9267,-293.32092,151.23918,447.824,-265.2836,330.21198,281.64703,-45.247643,286.532,307.77103,45.635963,391.15808,370.88486,-85.31264,214.36769,386.97787,52.069893,443.18832,466.55063,20.274757,147.30249,461.08618,112.3672,446.12976,483.16327,28.039637,145.00797,479.2251,118.299385,456.4446,481.80154,-76.47463,99.55221,475.0489,66.91682
File76.pngresized.png,653.7801,382.28214,-97.181656,663.6783,399.3184,-74.8367,662.81305,406.12094,-74.64384,662.28485,413.19077,-74.50824,663.72705,382.72015,-46.820244,664.001,378.14932,-46.387653,664.0507,373.66263,-46.02564,646.54626,435.74475,31.06131,653.5211,384.18024,172.32187,633.6926,400.50473,-61.098717,633.91394,378.77518,-22.984875,545.8878,500.8616,127.29848,572.9928,333.22278,89.56723,525.13605,619.47577,-1.9447895,558.75055,205.75296,-3.7766552,549.9557,731.096,-240.30966,601.834,73.46946,-125.9772,560.81946,761.9744,-262.73816,610.6681,39.138535,-122.12777,570.06433,763.2883,-325.596,624.7182,29.960382,-154.2758,565.61316,759.9302,-271.81,617.08673,43.940025,-151.70679,312.2008,439.46762,144.65387,317.27344,384.77725,-144.17384,169.45111,607.407,108.673164,435.27884,552.29846,-221.44136,38.512096,741.8829,149.19797,510.4839,721.7064,-210.25339,5.5070186,744.45197,143.46948,498.14658,754.57336,-212.98317,26.0527,831.4109,74.634674,606.798,763.4191,-336.67636
File78.jpgresized.png,214.20439,303.1902,-139.87183,208.5789,300.9862,-121.39438,209.74509,298.85507,-121.477234,210.9181,296.58804,-121.55304,205.64755,309.8759,-134.36668,204.83179,313.50238,-134.43854,204.12697,317.09543,-134.25597,216.20653,301.96216,-32.968746,208.79932,330.73715,-88.178535,226.42119,305.9193,-105.965164,223.10657,315.64987,-122.14096,274.4727,282.81583,-61.39511,257.1582,383.508,-35.485332,271.77307,207.92242,-112.18441,267.38196,447.18964,-44.243668,275.0108,148.50644,-205.44107,277.24554,514.84357,-103.16896,279.43967,131.99596,-242.25865,274.11334,527.76855,-89.44177,269.79895,129.08453,-252.50293,270.21027,534.8114,-134.70985,266.96667,137.67154,-218.84804,274.89127,529.72125,-121.78423,423.2095,367.7903,-53.61379,378.27972,394.90286,54.089226,468.53012,471.49002,-113.76525,306.7158,481.55255,61.56836,525.6878,569.425,-54.508926,254.20212,565.73535,107.64817,533.9215,585.3495,-52.824455,257.76947,586.03973,111.15724,516.40424,599.06934,-161.74194,191.31227,590.3849,68.026245
File79.jpgresized.png,231.96559,340.45593,-149.67216,229.29744,340.506,-125.75098,230.9031,339.50012,-125.72629,232.47432,338.36438,-125.77709,225.8041,346.68518,-145.05998,224.87016,349.2313,-145.01987,224.01595,351.75906,-144.79797,239.94293,347.81683,-22.903423,231.4695,366.93747,-104.32644,244.94914,345.7782,-111.57278,240.49216,352.3652,-135.02739,286.52368,324.8207,-76.24804,281.60162,419.43896,-25.82025,289.0158,250.07481,-114.8614,291.50284,473.01382,-3.421075,285.98505,191.85608,-199.89822,280.2463,522.0656,-79.964005,294.70847,176.70476,-233.04897,269.97586,527.4171,-70.3373,279.34366,178.1196,-242.83951,265.97955,539.46924,-108.88869,274.09564,186.55725,-211.88345,271.887,537.8548,-96.279236,429.53592,382.8013,-69.90137,392.4653,401.43817,70.42745,466.08066,466.1063,-127.44991,315.78485,476.02652,99.76623,516.89746,549.75165,-44.157154,254.24727,550.2733,137.15625,526.9255,564.4127,-41.54638,257.9206,571.44135,140.48068,497.13864,567.34467,-155.66188,186.71715,569.66473,97.572495
File80.jpgresized.png,96.1197,179.1498,-181.75842,89.3753,179.41371,-159.12082,90.25907,178.74702,-159.1707,91.155075,177.96008,-159.20265,87.02843,184.65092,-181.42567,86.18916,187.34015,-181.38086,85.52112,190.00111,-181.25568,95.2546,186.54842,-64.02287,89.32083,205.5294,-162.43324,107.65947,185.0117,-147.78984,104.6976,191.28836,-176.60033,152.09921,171.28894,-109.74521,128.65442,264.838,-120.230705,158.62024,110.58888,-194.2384,115.76017,329.24677,-154.32509,136.17609,46.34267,-332.4639,112.43677,386.11484,-237.54109,135.96208,27.559885,-372.12646,109.374435,393.81696,-236.47214,124.47275,25.131575,-378.72757,105.39191,399.15884,-280.53702,123.43255,36.34294,-344.78375,108.655014,396.09735,-258.0426,279.70636,251.79208,-39.375908,237.6074,276.09747,39.796825,327.39258,326.8058,-63.02196,158.02785,346.5755,85.783844,380.3657,405.9642,47.924725,96.765816,413.64807,164.51611,385.79,421.6075,53.470768,95.47967,431.48145,171.7895,382.0357,424.9154,-48.526726,42.57265,427.46942,123.65308
File82.jpgresized.png,79.87294,112.92752,-42.062305,76.382164,114.34648,-36.261234,76.51779,114.25519,-36.27172,76.64938,114.10263,-36.25756,75.903725,116.21771,-46.101337,75.6952,117.28367,-46.087673,75.53184,118.32333,-46.076733,77.44315,118.796036,-8.778236,76.88087,125.831245,-52.88499,83.966705,115.83686,-31.481794,83.40678,117.87915,-44.118584,97.83074,109.607925,-29.338531,93.747246,149.3143,-32.941902,97.25949,78.98065,-39.10046,92.65437,175.14117,-43.603615,96.9388,53.44612,-61.97001,83.845764,198.64632,-66.27608,99.166,47.409523,-69.184906,80.25415,201.62213,-63.420654,94.08754,46.02704,-74.35749,77.74816,206.29599,-79.90361,92.7652,49.251244,-66.30564,79.61864,204.25394,-73.06082,153.47925,132.0122,-18.926092,140.33705,143.84839,19.193886,167.70636,168.3621,-25.375027,114.45395,175.80698,21.140877,183.27162,205.52661,6.824354,88.27029,206.29596,33.823025,185.91214,211.69925,8.875579,88.26636,213.75912,35.24599,180.96034,213.37099,-25.354881,67.815575,214.11568,17.226189
File83.jpgresized.png,165.06987,259.88324,-139.97794,162.77742,257.24988,-114.55082,164.47792,255.92242,-114.65598,166.21616,254.49983,-114.7336,157.46597,263.51944,-127.50268,155.62491,266.1069,-127.504616,153.91681,268.68723,-127.35058,169.39856,261.55878,-17.790276,154.33955,281.2632,-69.671074,174.4271,265.67294,-105.866295,168.23882,272.65082,-121.58341,218.43999,268.89746,-47.634426,184.73068,342.28998,-21.023943,229.3984,219.67761,-119.45699,189.72623,407.35898,-30.752821,222.27548,153.90546,-225.7517,185.03073,464.97647,-96.48762,219.31047,133.98573,-262.59003,179.9511,472.99454,-85.67758,216.31386,128.64621,-267.4726,176.6154,477.6979,-130.79091,215.83908,138.76357,-237.21478,182.00397,474.88824,-115.638855,310.003,375.8133,-59.27022,268.05432,388.48386,59.492706,372.23697,452.83847,-121.334526,204.70572,445.38177,79.54672,448.12067,508.9098,-87.516975,181.37967,499.73438,140.73172,456.8963,511.90616,-88.9171,185.60867,510.68234,144.0611,449.0504,537.9947,-195.98927,138.12564,513.52997,118.11874
File84.jpgresized.png,337.77667,617.41516,-346.27884,311.11554,625.90137,-310.48117,311.01285,625.6828,-310.47998,310.91757,625.08563,-310.39053,309.53653,636.2328,-380.96146,308.12265,642.9873,-381.0156,307.02835,649.5491,-380.97397,310.8451,651.08765,-129.53694,309.59442,690.49426,-454.8722,358.75336,633.2993,-275.9126,356.80353,645.54663,-369.77014,433.53506,600.99164,-189.04443,397.82684,804.9928,-385.1525,475.15903,416.6149,-268.05658,408.2696,956.54926,-532.1551,484.28064,265.0834,-449.35324,424.50314,1096.9467,-792.3703,496.48398,226.61296,-481.6031,423.77625,1124.1749,-816.2402,468.40567,216.91104,-539.56146,413.26093,1136.4124,-902.6609,462.09637,235.67952,-484.8515,417.77765,1121.7681,-832.2322,746.8236,738.578,-36.327473,667.326,793.50037,37.98125,818.5804,948.87384,-61.91075,484.81882,981.64307,119.95161,903.9554,1161.3689,163.25415,337.873,1138.9141,270.5248,916.59814,1201.4503,177.11896,333.6644,1177.6567,285.95258,908.4787,1206.7494,-36.375187,243.05844,1177.0653,164.03061
File85.jpgresized.png,204.98065,313.1281,-161.12683,196.22577,316.3633,-147.165,196.67053,315.7461,-147.14265,197.12317,314.98563,-147.0517,195.04568,321.66595,-169.67163,194.4469,324.82672,-169.65924,194.03957,327.92606,-169.59651,200.93561,326.00833,-72.026566,198.6245,346.77414,-175.80417,216.91876,319.69635,-132.99739,215.3117,326.7241,-162.70226,256.34735,307.0325,-95.74928,247.46356,404.71396,-139.35356,249.39745,230.41747,-128.26242,266.2184,462.84402,-176.08606,233.7478,164.58086,-187.71788,265.8155,518.08856,-232.88428,234.959,147.27058,-202.24182,266.82895,528.03955,-233.41026,223.6403,144.42453,-222.04599,259.75327,533.04443,-271.8545,222.91502,153.23189,-201.4053,259.806,527.608,-249.04004,404.66055,372.6644,-14.40407,368.6585,405.88892,14.965531,450.17572,435.28412,43.734997,282.02545,492.0842,41.038033,502.2732,507.07404,178.66505,206.79164,567.61163,95.73193,509.04465,517.6737,188.52318,205.47786,582.2836,100.637085,516.90967,522.0992,122.91469,160.25726,593.50885,52.475323
ewe.jpgresized.png,231.96559,340.45593,-149.67216,229.29744,340.506,-125.75098,230.9031,339.50012,-125.72629,232.47432,338.36438,-125.77709,225.8041,346.68518,-145.05998,224.87016,349.2313,-145.01987,224.01595,351.75906,-144.79797,239.94293,347.81683,-22.903423,231.4695,366.93747,-104.32644,244.94914,345.7782,-111.57278,240.49216,352.3652,-135.02739,286.52368,324.8207,-76.24804,281.60162,419.43896,-25.82025,289.0158,250.07481,-114.8614,291.50284,473.01382,-3.421075,285.98505,191.85608,-199.89822,280.2463,522.0656,-79.964005,294.70847,176.70476,-233.04897,269.97586,527.4171,-70.3373,279.34366,178.1196,-242.83951,265.97955,539.46924,-108.88869,274.09564,186.55725,-211.88345,271.887,537.8548,-96.279236,429.53592,382.8013,-69.90137,392.4653,401.43817,70.42745,466.08066,466.1063,-127.44991,315.78485,476.02652,99.76623,516.89746,549.75165,-44.157154,254.24727,550.2733,137.15625,526.9255,564.4127,-41.54638,257.9206,571.44135,140.48068,497.13864,567.34467,-155.66188,186.71715,569.66473,97.572495
images (1).jpegresized.png,86.39548,127.71483,-70.90165,84.71677,128.40253,-64.619255,85.0546,127.833664,-64.670425,85.3863,127.21532,-64.788925,84.19688,130.88556,-68.43106,84.168755,132.04349,-68.36867,84.18522,133.18297,-68.22309,88.737015,130.88525,-33.33924,88.173584,139.39684,-48.324768,91.5365,129.22508,-59.29604,90.87141,132.53569,-63.8035,109.21133,125.78897,-50.269787,108.22854,155.82248,-15.797481,107.0464,101.57045,-75.74575,105.84051,181.33145,-22.219812,105.81556,78.30901,-111.35029,99.44412,199.2682,-77.4368,106.6005,71.20888,-127.91786,96.60904,201.63805,-79.233376,104.287056,70.99466,-127.8297,95.53505,201.23615,-93.83037,105.2927,75.46244,-114.16237,97.81203,200.13513,-84.81037,168.08514,139.244,-26.010805,156.20558,148.52591,26.263903,183.252,172.65944,-40.31145,125.730415,174.04932,81.585434,207.9307,201.7128,-11.739852,111.9803,205.19861,130.2391,211.5016,209.1508,-11.132415,112.76707,214.73305,134.61946,205.04523,210.3852,-53.40217,92.30756,212.4758,120.122116
images (2).jpegresized.png,105.94249,103.8734,-68.902016,103.47776,100.904945,-65.50459,103.86676,99.952324,-65.51556,104.29295,98.986824,-65.490364,102.0624,103.81155,-66.59705,101.41307,104.88146,-66.6256,100.84203,105.964905,-66.6602,104.65969,97.984985,-36.165924,99.99157,107.38202,-43.799126,108.77755,103.66587,-57.20304,107.054855,107.06037,-59.49156,118.41222,97.15295,-32.74963,109.518456,122.62637,-28.542627,105.98491,80.54356,-53.271034,111.801926,145.5295,-40.74649,83.34135,63.063347,-63.47815,114.07576,169.30844,-66.36253,76.5489,57.12291,-70.60309,113.69906,176.08984,-70.94449,74.92784,57.357563,-69.93416,114.74502,175.00818,-80.91084,78.20799,58.898415,-65.2671,116.01052,172.32353,-71.10525,155.42418,135.30379,-4.2377872,139.49562,142.82123,4.2857676,178.45016,163.05852,-1.065146,117.00523,166.92113,-0.65405816,199.9922,187.76431,27.804329,103.91387,196.97179,14.829121,203.15039,189.9518,29.92819,105.5478,202.19258,14.894322,203.97963,197.62915,7.827387,89.1363,204.29443,-1.542768
images (3).jpegresized.png,98.374405,146.15,-66.19571,96.9454,145.49615,-58.805264,97.30944,145.04607,-58.80455,97.6829,144.55086,-58.802532,95.92846,147.55066,-62.50943,95.58894,148.42638,-62.55156,95.302246,149.2989,-62.546745,99.026215,145.89806,-27.82582,96.28325,152.62552,-43.57306,101.840706,147.14456,-55.141003,100.6328,149.40335,-59.683197,118.091354,140.13463,-40.9824,108.365,170.48128,-24.21898,123.89088,116.73332,-61.328693,106.644325,190.2174,-29.349775,120.20506,94.29272,-95.529205,103.020065,211.58994,-54.285618,119.366295,88.014336,-105.95631,100.79661,215.85918,-51.35708,116.51155,87.21528,-109.978455,99.65222,216.94746,-67.62292,116.43793,90.80995,-100.12254,101.775276,215.5324,-61.133694,154.08055,172.16512,-18.719154,138.81302,179.07277,18.79197,177.04668,196.21417,-32.660824,114.65165,194.99176,32.280533,198.706,213.04321,-2.2082767,102.39547,218.67645,54.858955,200.83247,214.6162,-0.16500331,104.67209,224.50467,56.610744,199.62103,222.24542,-31.346298,82.82049,223.77841,47.050793
images (4).jpegresized.png,149.04439,126.28874,-79.59305,145.73619,127.122925,-75.38928,145.71274,127.00899,-75.387146,145.68378,126.84371,-75.38348,145.52814,128.56032,-83.00694,145.33447,129.36642,-83.00798,145.188,130.16306,-82.966484,145.22551,130.11832,-47.618458,145.2111,135.42934,-81.30593,151.13211,128.3855,-67.97173,150.823,129.86328,-77.61576,157.46767,124.01107,-56.22853,154.15764,151.6474,-49.3861,159.54366,98.258995,-68.80037,154.12993,173.0676,-50.07975,157.72516,75.09305,-99.93357,155.1348,191.83578,-82.277985,158.54243,68.86915,-109.44577,154.40979,195.45755,-82.51244,153.9959,68.08985,-114.96924,152.77264,197.275,-97.3266,152.97633,71.14211,-104.38539,153.79128,195.58652,-88.03954,198.7513,145.75345,-20.88218,186.94621,151.94797,21.063848,209.5593,178.50237,-29.857552,164.3043,179.00127,24.395464,222.93304,208.2315,3.65412,141.30518,207.91734,42.50669,224.94173,213.34572,5.6518164,141.45894,215.91988,44.358753,219.98103,215.17363,-36.18295,122.28063,212.81323,22.017387
images (5).jpegresized.png,105.52164,116.10001,-10.255126,102.29362,114.56004,-6.047837,101.98733,114.52282,-6.0579085,101.730354,114.432945,-6.0704074,101.9068,115.54455,-13.726105,101.44315,116.01434,-13.746047,101.023,116.50097,-13.675891,99.12664,116.985466,10.453274,98.22692,119.98743,-20.771755,105.727905,119.37413,-4.1198106,105.61136,120.21278,-13.276038,111.96111,124.116035,-4.669222,100.26763,142.44705,-4.3954988,116.915634,98.62077,-16.043093,98.53284,166.96085,-5.426343,124.30299,78.48183,-22.652271,98.78411,188.87,-37.7674,125.53697,72.00558,-29.499594,98.419174,193.98213,-40.557953,125.21602,69.804276,-33.110332,99.19619,194.07364,-55.840668,124.9892,71.942184,-26.400238,100.25781,191.88359,-44.010273,140.08008,165.62784,-21.386255,126.023415,168.8414,21.40354,167.6925,198.2423,-54.39749,95.298096,166.205,19.857533,196.68709,196.38617,-21.925308,92.74696,187.21556,53.016953,199.39828,193.25696,-18.311049,97.00061,191.7438,55.01145,205.24908,202.53828,-44.8389,74.616844,193.32384,44.49622
images (6).jpegresized.png,105.97723,148.48814,-24.603992,103.58763,147.47992,-18.46949,103.75917,146.35225,-18.44184,103.89226,145.15639,-18.471022,103.05959,151.12724,-20.322393,102.81686,152.6773,-20.379288,102.590164,154.22025,-20.417492,105.476715,145.78787,11.710143,103.931946,157.88786,3.2599268,109.84608,147.53453,-13.853765,109.0128,152.28203,-16.284166,121.58449,138.80716,1.2063692,120.59844,168.57404,30.118473,125.876434,113.39532,-6.8187857,121.605255,193.73637,34.69978,123.68649,87.03204,-16.80506,118.40773,217.89282,13.475364,122.19692,79.186966,-18.960104,115.65922,223.71227,10.367379,120.62334,78.46658,-26.15184,113.688774,224.38147,0.42753753,121.84221,82.090126,-21.911089,115.44641,223.42752,7.145609,162.76775,151.95273,-25.059282,166.99712,162.55997,25.21204,133.88795,173.26013,-18.36356,186.3997,187.58058,20.362057,126.329666,208.31625,-5.009557,208.42674,212.02374,25.700089,129.72029,214.40694,-5.1538677,213.53,213.8339,23.975443,110.72704,215.85658,-14.7863245,213.12932,226.8301,12.547059
images (7).jpegresized.png,117.882996,128.43773,-67.75044,114.7269,128.55342,-61.538097,114.70376,128.13155,-61.58867,114.69458,127.67866,-61.635216,114.12107,131.08615,-69.9085,113.72014,132.28165,-69.91514,113.371376,133.45941,-69.85751,113.06397,131.22499,-28.431479,111.77569,139.62607,-64.92151,119.66924,130.84001,-54.54623,119.13998,133.3551,-65.115715,127.82955,129.70108,-34.434498,120.64439,160.30464,-41.055862,124.69244,107.551094,-50.099392,120.45496,179.92166,-38.705574,125.977486,86.340996,-83.22957,125.87342,200.09962,-58.756092,126.72762,80.95167,-93.67681,126.04523,205.5974,-55.95042,125.53928,78.95257,-97.96614,125.97318,206.25333,-71.8568,125.019424,81.69645,-87.83612,126.745766,204.11777,-64.93687,168.98375,158.13646,-12.365666,155.43814,166.68163,12.494722,181.55885,182.62169,-26.358603,137.43346,192.87317,14.332016,194.74934,214.804,-0.74426883,118.25065,221.2472,30.028292,195.51588,220.61356,0.8249939,118.20531,228.49734,30.996065,194.41844,221.0904,-29.311155,100.66513,225.53545,14.325461
images (8).jpegresized.png,63.701912,113.25752,-103.76591,59.136757,111.979935,-96.880165,58.749107,110.38372,-96.84665,58.315536,108.7184,-96.87257,60.35411,116.68269,-97.9216,60.803864,118.535706,-97.928085,61.28974,120.331696,-97.867714,60.676476,106.38219,-56.83302,64.742615,121.52713,-58.084866,67.59472,109.14518,-89.10875,68.94408,115.70165,-89.37778,81.30929,90.26943,-61.975163,86.26192,122.3331,-10.008586,86.56074,54.85105,-75.21526,87.44913,154.43684,-0.9862839,88.86899,25.161293,-111.11081,81.96291,185.92636,-31.969244,89.293144,15.591988,-121.773575,80.257355,193.96083,-36.762657,87.38953,19.007057,-131.67085,78.38235,192.81534,-49.643078,87.9664,23.495743,-117.35506,79.89001,189.04556,-39.388912,145.90022,94.27227,-29.80484,140.53326,103.88738,30.006409,145.28645,141.73651,-21.898033,132.72226,146.35135,65.56222,143.79874,183.54877,4.979615,128.8693,184.6453,86.4228,148.19473,188.7482,6.600283,132.46786,189.81497,87.951744,128.33665,198.27762,-17.977453,119.646835,200.31827,79.33465
images (9).jpegresized.png,112.23922,125.956604,-48.789326,110.070045,125.495056,-44.381157,110.21842,125.593025,-44.420193,110.38381,125.65132,-44.434837,109.538124,125.98665,-49.501755,109.287636,126.31773,-49.535435,109.085915,126.658615,-49.530838,111.25841,128.04555,-22.353857,109.814735,129.98982,-44.44022,114.93011,128.39313,-40.59485,114.21164,128.97202,-46.927315,130.95905,128.95184,-33.364773,121.11763,149.5821,-28.766315,135.22278,113.88869,-55.30904,118.60978,171.42824,-27.087576,128.67,89.73833,-83.06153,118.26,193.69905,-59.164566,126.08569,82.73917,-91.489365,115.5583,198.64551,-60.397984,125.03442,78.95086,-95.464226,115.504486,198.1511,-75.142654,124.99515,82.32465,-87.55753,117.16307,197.13228,-65.73585,172.22884,163.42467,-18.475159,159.70094,166.57274,18.59942,190.76018,185.35184,-37.211456,136.62308,187.10117,47.04555,213.54704,213.49352,-26.093788,118.90324,213.70607,74.40521,216.08699,217.2684,-26.998589,118.67857,221.62057,76.38032,212.77887,220.63525,-64.39746,100.11385,213.53206,61.392334
images.jpegresized.png,93.83725,112.08171,-60.056778,91.69599,112.79605,-51.27712,91.87975,112.5091,-51.297543,92.07402,112.187935,-51.312675,91.16865,114.704666,-58.53724,90.960365,115.58219,-58.56221,90.80511,116.46427,-58.534603,92.7784,115.13728,-12.643726,91.942024,121.25183,-44.275448,96.995895,113.46053,-45.681843,96.47488,115.302246,-54.970234,110.604294,107.394714,-29.120762,104.49519,139.0129,-15.877646,108.51477,85.88916,-65.72546,102.89346,158.3968,-13.526111,103.97928,65.793205,-111.07066,97.033844,177.33173,-52.24891,103.74164,61.18171,-128.33145,93.19248,179.80106,-51.96892,101.147194,60.018806,-127.45989,91.72379,181.15575,-69.007454,100.62287,63.266552,-114.975716,94.28588,180.9654,-60.123726,153.18388,140.90329,-20.345074,135.62566,145.14592,20.47371,166.61258,168.66086,-38.034805,111.76668,170.83536,11.4317875,185.14925,198.13147,-9.0975275,90.759865,199.32753,29.679663,186.08658,203.56956,-7.93239,89.59567,206.40921,32.000027,186.89526,203.67715,-50.828575,75.61771,201.20013,11.859054
